timestamp,group_name,username,message_type,message_content,media_path
2024-12-29 15:52:37,@LSMM8,bnmm61,text,积分,
2024-12-29 15:52:34,@LSMM8,bnmm61,text,和我聊聊天好吗吗,
2024-12-29 15:52:09,@LSMM8,bnmm61,text,睡觉这么快吗珑姐姐,
2024-12-29 15:51:56,@LSMM8,soy233,text,睡觉了  兄弟们 晚安,
2024-12-29 15:51:53,@LSMM8,bnmm61,text,等待开奖一起等待了,
2024-12-29 15:51:42,@LSMM8,soy233,text,"欢迎新人来到强盛集团
31号晚上我们有活动 叫强盛集团第二届ktv
活动奖励丰富，活动内容精彩不容错过",
2024-12-29 15:51:40,@LSMM8,bnmm61,text,还有九分钟就到了,
2024-12-29 15:51:30,@LSMM8,bnmm61,text,差不多十二点了了,
2024-12-29 15:49:11,@LSMM8,mingmingjiayou,text,还没拉满现在了嗯,
2024-12-29 15:48:50,@LSMM8,mingmingjiayou,text,活跃排名,
2024-12-29 15:48:48,@LSMM8,mingmingjiayou,text,想睡觉了 有一点困,
2024-12-29 15:48:46,@LSMM8,Hanchang2233,text,钱到,
2024-12-29 15:48:39,@LSMM8,mingmingjiayou,text,积分,
2024-12-29 15:48:36,@LSMM8,mingmingjiayou,text,还有十多分钟马上了,
2024-12-29 15:48:31,@LSMM8,Hanchang2233,text,签到,
2024-12-29 15:48:19,@LSMM8,soy233,text,"欢迎新人来到强盛集团
31号晚上我们有活动 叫强盛集团第二届ktv
活动奖励丰富，活动内容精彩不容错过",
2024-12-29 15:48:07,@LSMM8,BluesLoo,text,又是新高了啊 太难了,
2024-12-29 15:47:56,@LSMM8,BluesLoo,text,这个牛币也太猛了吧！,
2024-12-29 15:47:33,@LSMM8,BluesLoo,text,睡觉的时间快要到了,
2024-12-29 15:46:25,@LSMM8,bnmm61,text,今天晚上没有看到,
2024-12-29 15:46:18,@LSMM8,bnmm61,text,这个梦想跑哪里去了,
2024-12-29 15:45:31,@LSMM8,bnmm61,text,我这肚子感觉好撑了,
2024-12-29 15:45:20,@LSMM8,bnmm61,text,该努力就要努力的了,
2024-12-29 14:09:43,@LSMM8,em90906,text,秒射赚蜜雪冰城吧,
2024-12-29 14:09:36,@LSMM8,loveu777666,text,丰富的，冲多久赚,
2024-12-29 14:09:27,@LSMM8,loveu777666,text,社区的节目很东都的,
2024-12-29 14:09:22,@LSMM8,loveu777666,text,好好加油赚钱模式很好,
2024-12-29 14:09:17,@LSMM8,loveu777666,text,今晚是不是都有很厉害的项目,
2024-12-29 14:08:55,@LSMM8,loveu777666,text,10亿总量，买卖2%税收，其中1%用于营销，另外1%分别进入双池回流，设计很科学,
2024-12-29 14:08:49,@LSMM8,loveu777666,text,确实，而且花花即将上春晚，加上社区活动预热，这个时间点进来正好 👍,
2024-12-29 14:08:37,@LSMM8,loveu777666,text,从技术面看，现在的价格区间很健康，双池回流机制在发挥作用,
2024-12-29 14:08:34,@LSMM8,loveu777666,text,营销资金的使用很透明，我很看好团队的运营能力。现在是个不错的入场时机,
2024-12-29 14:08:30,@LSMM8,loveu777666,text,对了，我看项目有1%营销资金，这些会用在春晚宣传上吗？,
2024-12-29 14:08:25,@LSMM8,loveu777666,text,加上双池回流机制的保护，项目基本面很稳健。,
2024-12-29 14:08:22,@LSMM8,,text,晚可是有十几亿观众呢！感觉这次huahua要火,
2024-12-29 14:08:19,@LSMM8,loveu777666,text,花花的曝光度对项目非常有利。而且项目的经济模型设计得很合理，能持续创造价值,
2024-12-29 14:08:18,@LSMM8,duoduoduo8888,text,建议你先关注我们的官方频道，社区每天都有最新动态。,
2024-12-29 14:08:15,@LSMM8,loveu777666,text,我也是！请问除了官方渠道，还有什么途径可以了解更多项目信息吗？,
2024-12-29 14:08:10,@LSMM8,duoduoduo8888,text,社区氛围真好！我是冲着花花的暖心故事来的，看到大家这么用心我更坚定了,
2024-12-29 14:08:08,@LSMM8,loveu777666,text,太棒了！我已经准备好了一组花花的表情包，到时候和大家一起互动 ,
2024-12-29 14:08:04,@LSMM8,duoduoduo8888,text,各位，明天我们有个重磅活动要宣布！今天社区新增活跃用户已经500+了，感谢大家支持 🎉,
2024-12-29 14:08:04,@LSMM8,loveu777666,text,确实，从技术面看，这种机制设计能降低价格波动。你觉得现在是好的入场时机吗,
2024-12-29 14:08:02,@LSMM8,H688888,sticker,,话术\media_files\LSMM8\20241229_235346_H688888.tgs
2024-12-29 14:07:59,@LSMM8,duoduoduo8888,text,我研究过合约，除了营销资金，双池回流机制特别亮眼，能持续为代币提供支撑,
2024-12-29 14:07:54,@LSMM8,duoduoduo8888,text,看好这个项目的未来，10亿的总量设置也很合理。 你知道营销资金具体怎么使用吗？,
2024-12-29 15:30:17,@LSMM8,fuaihuo,emoji,是啊，cow今晚没吃饭😭,
2024-12-29 15:30:09,@LSMM8,fuaihuo,text,钱到,
2024-12-29 15:30:07,@LSMM8,goodluui,text,错过了就不敢追高了,
2024-12-29 15:30:03,@LSMM8,HSNJSBML,text,大家真活跃啊，今天,
2024-12-29 15:29:52,@LSMM8,mingmingjiayou,text,钱到,
2024-12-29 15:29:47,@LSMM8,mingmingjiayou,text,今天拉满，过两天抽奖,
2024-12-29 15:29:47,@LSMM8,HSNJSBML,text,钱到,
2024-12-29 15:29:35,@LSMM8,goodluui,text,那个时候没注意看错过了,
2024-12-29 15:29:22,@LSMM8,BTC1357900,text,那个项目还不错的,
2024-12-29 14:07:53,@LSMM8,loveu777666,text,说得对！而且2%的交易税设置也很合理，1%用于营销能确保项目持续发展,
2024-12-29 14:07:50,@LSMM8,duoduoduo8888,text,是的！花花的暖心形象正是项目的核心价值。说到分享，项目的双池回流机制（0.5%+0.5%）也体现了这种共享理念,
2024-12-29 14:07:48,@LSMM8,loveu777666,text,今日社区数据：新增活跃用户500+，互动率较昨日提升15%，感谢大家的支持！明天有重磅活动要宣布哦～,
2024-12-29 14:07:42,@LSMM8,loveu777666,text,从目前走势看，项目基本面稳健，回流机制正常运行，建议大家关注重要支撑位宝宝,
2024-12-29 14:07:40,@LSMM8,duoduoduo8888,text,请问大家都是因为什么入场的呀？我是被花花暖暖的性格吸引的，感觉社区氛围也超好,
2024-12-29 14:07:36,@LSMM8,loveu777666,text,总供应量10亿，通缩机制明确，团队定位清晰，这个项目值得长期关注,
2024-12-29 14:07:34,@LSMM8,duoduoduo8888,text,看了下合约，交易机制设计得挺合理的，2%的买卖税其中1%用于营销，这对项目长期发展很有利,
2024-12-29 14:07:36,@LSMM8,loveu777666,text,从数据看，huahua的双池回流机制设计很巧妙，0.5%+0.5%的双池回流能持续为代币提供支撑。,
2024-12-29 14:07:34,@LSMM8,duoduoduo8888,text,大家好呀！刚刚看完花花的视频，真的太暖心了，它把食物分给弟弟的样子让我感动得不行 🥺,
2024-12-29 15:43:12,@LSMM8,bnmm61,text,现在人不是一般的多,
2024-12-29 15:42:52,@LSMM8,bnmm61,text,现在好多人进来了,
2024-12-29 15:42:15,@LSMM8,bnmm61,text,咋跑都一起跑掉了,
2024-12-29 15:41:34,@LSMM8,bnmm61,text,还要继续努力再努力,
2024-12-29 15:41:19,@LSMM8,bnmm61,text,都休息了吗现在,
2024-12-29 15:41:05,@LSMM8,bnmm61,text,还没拉满现在了嗯,
2024-12-29 15:40:48,@LSMM8,bnmm61,text,差不多十二点了,
2024-12-29 15:40:34,@LSMM8,bnmm61,text,积分,
2024-12-29 15:40:25,@LSMM8,BTC1357900,text,积分,
2024-12-29 15:39:13,@LSMM8,BTC1357900,text,怎么，要带带我嘛,
2024-12-29 15:39:06,@LSMM8,soy233,text,"欢迎新人来到强盛集团
31号晚上我们有活动 叫强盛集团第二届ktv
活动奖励丰富，活动内容精彩不容错过",
2024-12-29 15:38:22,@LSMM8,mingmingjiayou,text,要怎么样才能赚钱吗,
2024-12-29 15:38:09,@LSMM8,BTC1357900,text,你要什么啊,
2024-12-29 15:38:07,@LSMM8,mingmingjiayou,text,"欢迎新人来到强盛集团
31号晚上我们有活动 叫强盛集团第二届ktv
活动奖励丰富，活动内容精彩不容错过",
2024-12-29 15:38:02,@LSMM8,BTC1357900,text,什么东西的,
2024-12-29 15:37:48,@LSMM8,mingmingjiayou,text,太强了吧，你们,
2024-12-29 15:37:43,@LSMM8,mingmingjiayou,text,不如打给我。我记得你们的好。,
2024-12-29 15:37:33,@LSMM8,BTC1357900,text,"欢迎新人来到强盛集团
31号晚上我们有活动 叫强盛集团第二届ktv
活动奖励丰富，活动内容精彩不容错过",
2024-12-29 15:37:27,@LSMM8,BTC1357900,text,怎么感觉你比机器人的速度还牛呢,
2024-12-29 15:37:10,@LSMM8,BTC1357900,text,你一直都在啊,
2024-12-29 15:37:03,@LSMM8,BTC1357900,text,"欢迎新人来到强盛集团
31号晚上我们有活动 叫强盛集团第二届ktv
活动奖励丰富，活动内容精彩不容错过",
2024-12-29 15:36:22,@LSMM8,soy233,text,"欢迎新人来到强盛集团
31号晚上我们有活动 叫强盛集团第二届ktv
活动奖励丰富，活动内容精彩不容错过",
2024-12-29 15:35:13,@LSMM8,A0369666,text,钱到,
2024-12-29 15:32:17,@LSMM8,Mr_DDDDDA,text,钱到,
2024-12-29 15:32:08,@LSMM8,mingmingjiayou,text,先别急着出本金啊，等破零,
2024-12-29 15:32:07,@LSMM8,goodluui,text,积分,
2024-12-29 15:32:00,@LSMM8,mingmingjiayou,text,我应该差不多了。,
2024-12-29 15:31:52,@LSMM8,mingmingjiayou,text,我是纯打字的，习惯了,
2024-12-29 15:31:43,@LSMM8,mingmingjiayou,text,能撸一点就行,
2024-12-29 15:31:41,@LSMM8,goodluui,text,咱们强盛集团一直都很活跃,
2024-12-29 15:31:34,@LSMM8,,text,钱到,
2024-12-29 15:31:34,@LSMM8,mingmingjiayou,text,好好的加油干吧,
2024-12-29 15:31:26,@LSMM8,mingmingjiayou,text,努力干就是了,
2024-12-29 15:31:20,@LSMM8,mingmingjiayou,text,到时候流量都来了,
2024-12-29 15:31:12,@LSMM8,mingmingjiayou,text,这两天人肯定很多,
2024-12-29 15:31:06,@LSMM8,goodluui,text,一起来,
2024-12-29 15:31:06,@LSMM8,mingmingjiayou,text,后天有活动的,
2024-12-29 15:30:47,@LSMM8,goodluui,text,我吃了饭但是没赚到钱,
2024-12-29 15:30:36,@LSMM8,goodluui,text,赚钱了也行的,
2024-12-29 15:30:21,@LSMM8,goodluui,text,怕高的苦命人,
2024-12-29 15:30:17,@LSMM8,fuaihuo,emoji,是啊，cow今晚没吃饭😭,
2024-12-29 15:30:09,@LSMM8,fuaihuo,text,钱到,
2024-12-29 15:30:07,@LSMM8,goodluui,text,错过了就不敢追高了,
2024-12-29 15:30:03,@LSMM8,HSNJSBML,text,大家真活跃啊，今天,
2024-12-29 15:29:52,@LSMM8,mingmingjiayou,text,钱到,
2024-12-29 15:29:47,@LSMM8,mingmingjiayou,text,今天拉满，过两天抽奖,
2024-12-29 15:29:47,@LSMM8,HSNJSBML,text,钱到,
2024-12-29 15:29:35,@LSMM8,goodluui,text,那个时候没注意看错过了,
2024-12-29 15:29:22,@LSMM8,BTC1357900,text,那个项目还不错的,
2024-12-29 15:29:14,@LSMM8,BTC1357900,text,今晚的那个牛牛,
2024-12-29 15:29:01,@LSMM8,BTC1357900,text,置顶就有金狗出b,
2024-12-29 15:28:34,@LSMM8,goodluui,text,都说半夜出金口，说不定在这里聊一聊，待会儿还能冲个金狗,
2024-12-29 14:09:22,@LSMM8,loveu777666,text,好好加油赚钱模式很好,
2024-12-29 14:09:17,@LSMM8,loveu777666,text,今晚是不是都有很厉害的项目,
2024-12-29 14:08:55,@LSMM8,loveu777666,text,10亿总量，买卖2%税收，其中1%用于营销，另外1%分别进入双池回流，设计很科学,
2024-12-29 14:08:49,@LSMM8,loveu777666,text,确实，而且花花即将上春晚，加上社区活动预热，这个时间点进来正好 👍,
2024-12-29 14:08:37,@LSMM8,loveu777666,text,从技术面看，现在的价格区间很健康，双池回流机制在发挥作用,
2024-12-29 14:08:34,@LSMM8,loveu777666,text,营销资金的使用很透明，我很看好团队的运营能力。现在是个不错的入场时机,
2024-12-29 14:08:30,@LSMM8,loveu777666,text,对了，我看项目有1%营销资金，这些会用在春晚宣传上吗？,
2024-12-29 14:08:25,@LSMM8,loveu777666,text,加上双池回流机制的保护，项目基本面很稳健。,
2024-12-29 14:08:22,@LSMM8,,text,晚可是有十几亿观众呢！感觉这次huahua要火,
2024-12-29 14:08:19,@LSMM8,loveu777666,text,花花的曝光度对项目非常有利。而且项目的经济模型设计得很合理，能持续创造价值,
2024-12-29 14:08:18,@LSMM8,duoduoduo8888,text,建议你先关注我们的官方频道，社区每天都有最新动态。,
2024-12-29 14:08:15,@LSMM8,loveu777666,text,我也是！请问除了官方渠道，还有什么途径可以了解更多项目信息吗？,
2024-12-29 14:08:10,@LSMM8,duoduoduo8888,text,社区氛围真好！我是冲着花花的暖心故事来的，看到大家这么用心我更坚定了,
2024-12-29 14:08:08,@LSMM8,loveu777666,text,太棒了！我已经准备好了一组花花的表情包，到时候和大家一起互动 ,
2024-12-29 14:08:04,@LSMM8,duoduoduo8888,text,各位，明天我们有个重磅活动要宣布！今天社区新增活跃用户已经500+了，感谢大家支持 🎉,
2024-12-29 14:08:04,@LSMM8,loveu777666,text,确实，从技术面看，这种机制设计能降低价格波动。你觉得现在是好的入场时机吗,
2024-12-29 14:08:02,@LSMM8,H688888,sticker,,话术\media_files\LSMM8\20241229_235346_H688888.tgs
2024-12-29 14:07:59,@LSMM8,duoduoduo8888,text,我研究过合约，除了营销资金，双池回流机制特别亮眼，能持续为代币提供支撑,
2024-12-29 14:07:54,@LSMM8,duoduoduo8888,text,看好这个项目的未来，10亿的总量设置也很合理。 你知道营销资金具体怎么使用吗？,
2024-12-29 15:30:17,@LSMM8,fuaihuo,emoji,是啊，cow今晚没吃饭😭,
2024-12-29 15:30:09,@LSMM8,fuaihuo,text,钱到,
2024-12-29 15:30:07,@LSMM8,goodluui,text,错过了就不敢追高了,
2024-12-29 15:30:03,@LSMM8,HSNJSBML,text,大家真活跃啊，今天,
2024-12-29 15:29:52,@LSMM8,mingmingjiayou,text,钱到,
2024-12-29 15:29:47,@LSMM8,mingmingjiayou,text,今天拉满，过两天抽奖,
2024-12-29 15:29:47,@LSMM8,HSNJSBML,text,钱到,
2024-12-29 15:29:35,@LSMM8,goodluui,text,那个时候没注意看错过了,
2024-12-29 15:29:22,@LSMM8,BTC1357900,text,那个项目还不错的,
2024-12-29 14:07:53,@LSMM8,loveu777666,text,说得对！而且2%的交易税设置也很合理，1%用于营销能确保项目持续发展,
2024-12-29 14:07:50,@LSMM8,duoduoduo8888,text,是的！花花的暖心形象正是项目的核心价值。说到分享，项目的双池回流机制（0.5%+0.5%）也体现了这种共享理念,
2024-12-29 14:07:48,@LSMM8,loveu777666,text,今日社区数据：新增活跃用户500+，互动率较昨日提升15%，感谢大家的支持！明天有重磅活动要宣布哦～,
2024-12-29 14:07:42,@LSMM8,loveu777666,text,从目前走势看，项目基本面稳健，回流机制正常运行，建议大家关注重要支撑位宝宝,
2024-12-29 14:07:40,@LSMM8,duoduoduo8888,text,请问大家都是因为什么入场的呀？我是被花花暖暖的性格吸引的，感觉社区氛围也超好,
2024-12-29 14:07:36,@LSMM8,loveu777666,text,总供应量10亿，通缩机制明确，团队定位清晰，这个项目值得长期关注,
2024-12-29 14:07:34,@LSMM8,duoduoduo8888,text,看了下合约，交易机制设计得挺合理的，2%的买卖税其中1%用于营销，这对项目长期发展很有利,
2024-12-29 14:07:36,@LSMM8,loveu777666,text,从数据看，huahua的双池回流机制设计很巧妙，0.5%+0.5%的双池回流能持续为代币提供支撑。,
2024-12-29 14:07:34,@LSMM8,duoduoduo8888,text,大家好呀！刚刚看完花花的视频，真的太暖心了，它把食物分给弟弟的样子让我感动得不行 🥺,
2024-12-29 15:28:19,@LSMM8,BTC1357900,text,努力干就是了,
2024-12-29 15:28:08,@LSMM8,BTC1357900,text,可以的，还有机会,
2024-12-29 15:27:59,@LSMM8,goodluui,emoji,😂,
2024-12-29 15:27:55,@LSMM8,goodluui,emoji,定个小目标，弄个一百分就去睡觉😪,
2024-12-29 15:27:32,@LSMM8,BTC1357900,text,积分,
2024-12-29 15:27:31,@LSMM8,goodluui,text,这样子这样子一来的话，那我就打字速度不晓得快多少了,
2024-12-29 15:27:30,@LSMM8,BTC1357900,text,太强了吧，你们,
2024-12-29 15:27:23,@LSMM8,BTC1357900,text,那么给力的,
2024-12-29 15:27:18,@LSMM8,BTC1357900,text,打满了吗,
2024-12-29 15:27:12,@LSMM8,Wpdbuvid,text,积分,
2024-12-29 15:27:11,@LSMM8,goodluui,text,我都不记得手机还有这个功能吗？,
2024-12-29 15:27:09,@LSMM8,Wpdbuvid,text,我应该差不多了。,
2024-12-29 15:27:09,@LSMM8,BTC1357900,text,钱到,
2024-12-29 15:27:03,@LSMM8,goodluui,emoji,😂也是,
2024-12-29 15:26:58,@LSMM8,Wpdbuvid,text,积分,
2024-12-29 15:26:56,@LSMM8,Wpdbuvid,text,困了就睡吧，别累了自己,
2024-12-29 15:26:47,@LSMM8,Wpdbuvid,text,我是纯打字的，习惯了,
2024-12-29 15:26:44,@LSMM8,goodluui,text,我现在都半眯着眼睛，睁开了看不清,
2024-12-29 15:26:39,@LSMM8,Wpdbuvid,text,确实，你可以试下语音转文字,
2024-12-29 15:26:24,@LSMM8,Wpdbuvid,text,应该就差不多了，我觉得,
2024-12-29 15:26:22,@LSMM8,goodluui,text,打字费眼睛,
2024-12-29 15:26:17,@LSMM8,Wpdbuvid,text,再陪你们聊一会，,
2024-12-29 15:26:14,@LSMM8,BTC1357900,text,多多活跃吧,
2024-12-29 15:26:12,@LSMM8,goodluui,emoji,😂没有，平时ama多一点,
2024-12-29 15:26:10,@LSMM8,BTC1357900,text,多聊天就有了,
2024-12-29 15:26:00,@LSMM8,Wpdbuvid,text,九十多积分吧，差不多了,
2024-12-29 15:25:51,@LSMM8,Wpdbuvid,text,是老玩家了吧，哈哈哈,
2024-12-29 15:25:42,@LSMM8,Wpdbuvid,text,就聊天呀，你不是还有开通了强盛集团的标志,
2024-12-29 15:25:28,@LSMM8,goodluui,text,你多少分了,
2024-12-29 15:25:19,@LSMM8,Wpdbuvid,text,聊一聊就差不多了。,
2024-12-29 15:25:13,@LSMM8,Wpdbuvid,text,我中午晚上，现在,
2024-12-29 15:25:06,@LSMM8,goodluui,text,这个一百分怎么才能有,
2024-12-29 15:25:04,@LSMM8,Wpdbuvid,text,也不是说一直在这里聊,
2024-12-29 15:24:55,@LSMM8,Wpdbuvid,text,几个时间段，聊一聊就够了,
2024-12-29 15:24:45,@LSMM8,Wpdbuvid,text,一百分也不难啊。差不多,
2024-12-29 15:24:32,@LSMM8,Wpdbuvid,text,还行吧，我觉得。,
2024-12-29 15:24:29,@LSMM8,BTC1357900,text,好猛，都是猛男,
2024-12-29 15:24:24,@LSMM8,Wpdbuvid,text,都是今天有空聊天，聊出来的,
2024-12-29 15:24:15,@LSMM8,BTC1357900,text,那么快就那么多积分了,
2024-12-29 15:24:09,@LSMM8,BTC1357900,text,不知道他们怎么搞的,
2024-12-29 15:24:02,@LSMM8,Wpdbuvid,text,感觉也是挺不错的。,
2024-12-29 15:23:57,@LSMM8,BTC1357900,text,哈哈哈哈我,
2024-12-29 15:23:55,@LSMM8,Wpdbuvid,text,也是，聊一聊活跃下气氛,
2024-12-29 15:23:55,@LSMM8,goodluui,text,你们的怎么这么多分了,
2024-12-29 15:23:54,@LSMM8,BTC1357900,text,有时间就出来吹牛逼,
2024-12-29 15:23:37,@LSMM8,goodluui,text,人少的时候聊几句活跃群也可以的,
2024-12-29 15:23:35,@LSMM8,Wpdbuvid,text,积分,
2024-12-29 15:23:19,@LSMM8,Wpdbuvid,text,哈哈哈哈哈哈哈。,
2024-12-29 15:23:19,@LSMM8,BTC1357900,text,没有那么牛啊,
2024-12-29 15:23:14,@LSMM8,forever27777,text,抽奖,
2024-12-29 15:23:13,@LSMM8,BTC1357900,text,怎么能撸几份啊,
2024-12-29 15:23:12,@LSMM8,Wpdbuvid,text,多劳多得啊你们，聪明啊,
2024-12-29 15:23:01,@LSMM8,BTC1357900,text,我只有一个号啊,
2024-12-29 15:23:00,@LSMM8,bnmm61,text,还是让你们先聊吧,
2024-12-29 15:22:58,@LSMM8,em90906,text,挺好的啊兄弟们,
2024-12-29 15:22:54,@LSMM8,em90906,text,都是来弄积分抽奖的,
2024-12-29 15:22:47,@LSMM8,em90906,text,都是撸几份的,
2024-12-29 15:22:46,@LSMM8,BTC1357900,text,努力搞就是了,
2024-12-29 15:22:45,@LSMM8,Wpdbuvid,text,正常聊天就行了。哈哈哈,
2024-12-29 15:22:39,@LSMM8,bnmm61,text,怎么看着像机器你们,
2024-12-29 14:09:22,@LSMM8,loveu777666,text,好好加油赚钱模式很好,
2024-12-29 14:09:17,@LSMM8,loveu777666,text,今晚是不是都有很厉害的项目,
2024-12-29 14:08:55,@LSMM8,loveu777666,text,10亿总量，买卖2%税收，其中1%用于营销，另外1%分别进入双池回流，设计很科学,
2024-12-29 14:08:49,@LSMM8,loveu777666,text,确实，而且花花即将上春晚，加上社区活动预热，这个时间点进来正好 👍,
2024-12-29 14:08:37,@LSMM8,loveu777666,text,从技术面看，现在的价格区间很健康，双池回流机制在发挥作用,
2024-12-29 14:08:34,@LSMM8,loveu777666,text,营销资金的使用很透明，我很看好团队的运营能力。现在是个不错的入场时机,
2024-12-29 14:08:30,@LSMM8,loveu777666,text,对了，我看项目有1%营销资金，这些会用在春晚宣传上吗？,
2024-12-29 14:08:25,@LSMM8,loveu777666,text,加上双池回流机制的保护，项目基本面很稳健。,
2024-12-29 14:08:22,@LSMM8,,text,晚可是有十几亿观众呢！感觉这次huahua要火,
2024-12-29 14:08:19,@LSMM8,loveu777666,text,花花的曝光度对项目非常有利。而且项目的经济模型设计得很合理，能持续创造价值,
2024-12-29 14:08:18,@LSMM8,duoduoduo8888,text,建议你先关注我们的官方频道，社区每天都有最新动态。,
2024-12-29 14:08:15,@LSMM8,loveu777666,text,我也是！请问除了官方渠道，还有什么途径可以了解更多项目信息吗？,
2024-12-29 14:08:10,@LSMM8,duoduoduo8888,text,社区氛围真好！我是冲着花花的暖心故事来的，看到大家这么用心我更坚定了,
2024-12-29 14:08:08,@LSMM8,loveu777666,text,太棒了！我已经准备好了一组花花的表情包，到时候和大家一起互动 ,
2024-12-29 14:08:04,@LSMM8,duoduoduo8888,text,各位，明天我们有个重磅活动要宣布！今天社区新增活跃用户已经500+了，感谢大家支持 🎉,
2024-12-29 14:08:04,@LSMM8,loveu777666,text,确实，从技术面看，这种机制设计能降低价格波动。你觉得现在是好的入场时机吗,
2024-12-29 14:08:02,@LSMM8,H688888,sticker,,话术\media_files\LSMM8\20241229_235346_H688888.tgs
2024-12-29 14:07:59,@LSMM8,duoduoduo8888,text,我研究过合约，除了营销资金，双池回流机制特别亮眼，能持续为代币提供支撑,
2024-12-29 14:07:54,@LSMM8,duoduoduo8888,text,看好这个项目的未来，10亿的总量设置也很合理。 你知道营销资金具体怎么使用吗？,
2024-12-29 15:30:17,@LSMM8,fuaihuo,emoji,是啊，cow今晚没吃饭😭,
2024-12-29 15:30:09,@LSMM8,fuaihuo,text,钱到,
2024-12-29 15:30:07,@LSMM8,goodluui,text,错过了就不敢追高了,
2024-12-29 15:30:03,@LSMM8,HSNJSBML,text,大家真活跃啊，今天,
2024-12-29 15:29:52,@LSMM8,mingmingjiayou,text,钱到,
2024-12-29 15:29:47,@LSMM8,mingmingjiayou,text,今天拉满，过两天抽奖,
2024-12-29 15:29:47,@LSMM8,HSNJSBML,text,钱到,
2024-12-29 15:29:35,@LSMM8,goodluui,text,那个时候没注意看错过了,
2024-12-29 15:29:22,@LSMM8,BTC1357900,text,那个项目还不错的,
2024-12-29 14:07:53,@LSMM8,loveu777666,text,说得对！而且2%的交易税设置也很合理，1%用于营销能确保项目持续发展,
2024-12-29 14:07:50,@LSMM8,duoduoduo8888,text,是的！花花的暖心形象正是项目的核心价值。说到分享，项目的双池回流机制（0.5%+0.5%）也体现了这种共享理念,
2024-12-29 14:07:48,@LSMM8,loveu777666,text,今日社区数据：新增活跃用户500+，互动率较昨日提升15%，感谢大家的支持！明天有重磅活动要宣布哦～,
2024-12-29 14:07:42,@LSMM8,loveu777666,text,从目前走势看，项目基本面稳健，回流机制正常运行，建议大家关注重要支撑位宝宝,
2024-12-29 14:07:40,@LSMM8,duoduoduo8888,text,请问大家都是因为什么入场的呀？我是被花花暖暖的性格吸引的，感觉社区氛围也超好,
2024-12-29 14:07:36,@LSMM8,loveu777666,text,总供应量10亿，通缩机制明确，团队定位清晰，这个项目值得长期关注,
2024-12-29 14:07:34,@LSMM8,duoduoduo8888,text,看了下合约，交易机制设计得挺合理的，2%的买卖税其中1%用于营销，这对项目长期发展很有利,
2024-12-29 14:07:36,@LSMM8,loveu777666,text,从数据看，huahua的双池回流机制设计很巧妙，0.5%+0.5%的双池回流能持续为代币提供支撑。,
2024-12-29 14:07:34,@LSMM8,duoduoduo8888,text,大家好呀！刚刚看完花花的视频，真的太暖心了，它把食物分给弟弟的样子让我感动得不行 🥺,
2024-12-29 15:22:35,@LSMM8,Wpdbuvid,text,大家都不是机器人的,
2024-12-29 15:22:33,@LSMM8,em90906,text,活跃排名,
2024-12-29 15:22:32,@LSMM8,BTC1357900,text,哪里来的那么多机器人,
2024-12-29 15:22:28,@LSMM8,em90906,text,怎么这么快啊,
2024-12-29 15:22:26,@LSMM8,BTC1357900,text,没有机器人吧,
2024-12-29 15:22:24,@LSMM8,em90906,text,我不是机器人,
2024-12-29 15:22:22,@LSMM8,Wpdbuvid,text,狠狠的赚一把,
2024-12-29 15:22:17,@LSMM8,em90906,text,今天水一下群吧,
2024-12-29 15:22:15,@LSMM8,bnmm61,text,这个是机器人把,
2024-12-29 15:22:14,@LSMM8,Wpdbuvid,text,挣那几个钱，还不如来玩强盛集团的项目,
2024-12-29 15:22:14,@LSMM8,BTC1357900,text,怎么的了嘛,
2024-12-29 15:22:14,@LSMM8,goodluui,text,苦逼的交易员,
2024-12-29 15:22:12,@LSMM8,em90906,text,我也是一直都在,
2024-12-29 15:22:08,@LSMM8,em90906,text,都不容易挺不容易的,
2024-12-29 15:22:06,@LSMM8,BTC1357900,text,一直都在啊,
2024-12-29 15:22:01,@LSMM8,em90906,text,一样吗兄弟们的,
2024-12-29 15:21:59,@LSMM8,goodluui,text,职业打狗人,
2024-12-29 15:21:57,@LSMM8,em90906,text,你们都干嘛去了,
2024-12-29 15:21:55,@LSMM8,Wpdbuvid,text,妈的，苦命打工人。,
2024-12-29 15:21:54,@LSMM8,em90906,text,我也是平时没时间,
2024-12-29 15:21:52,@LSMM8,bnmm61,text,你忙什么去啦姐姐,
2024-12-29 15:21:48,@LSMM8,em90906,text,这个活动特别的喜欢,
2024-12-29 15:21:45,@LSMM8,Wpdbuvid,text,我们元旦一天假期。,
2024-12-29 15:21:42,@LSMM8,em90906,text,挺好的啊兄弟们,
2024-12-29 15:21:39,@LSMM8,em90906,text,这两天活动可以抽奖,
2024-12-29 15:21:33,@LSMM8,Wpdbuvid,text,话说你们放假几天啊。,
2024-12-29 15:21:31,@LSMM8,goodluui,emoji,😂我35分能抽奖吗,
2024-12-29 15:21:30,@LSMM8,em90906,text,也没有多少分,
2024-12-29 15:21:28,@LSMM8,BTC1357900,text,一起搞起来吧,
2024-12-29 15:21:27,@LSMM8,Wpdbuvid,text,过两天就放假一天而已,
2024-12-29 15:21:25,@LSMM8,em90906,text,平时没什么时间,
2024-12-29 15:21:19,@LSMM8,em90906,text,今天晚上就可以的,
2024-12-29 15:21:15,@LSMM8,em90906,text,怎么水群可以这么慢,
2024-12-29 15:21:15,@LSMM8,Wpdbuvid,text,不然平常基本没时间来的,
2024-12-29 15:21:09,@LSMM8,em90906,text,看一下我的分,
2024-12-29 15:21:06,@LSMM8,Wpdbuvid,text,才有空。来这里聊一聊天,
2024-12-29 15:21:06,@LSMM8,em90906,text,活跃排名,
2024-12-29 15:21:03,@LSMM8,em90906,text,冲起来冲起来冲起来,
2024-12-29 15:21:01,@LSMM8,bnmm61,text,你应该是个姐姐吧,
2024-12-29 15:20:59,@LSMM8,BTC1357900,text,要打满去了吗,
2024-12-29 15:20:59,@LSMM8,goodluui,text,积分,
2024-12-29 15:20:54,@LSMM8,em90906,text,筑底成功，筹码不够的赶紧上车,
2024-12-29 15:20:52,@LSMM8,goodluui,text,钱到,
2024-12-29 15:20:52,@LSMM8,Wpdbuvid,text,我也是闲下来有时间,
2024-12-29 15:20:51,@LSMM8,BTC1357900,text,还不睡觉啊，你们,
2024-12-29 15:20:48,@LSMM8,em90906,text,现在各种各样的利空只是狗庄一种手段,
2024-12-29 15:20:46,@LSMM8,goodluui,text,会有好运降临的,
2024-12-29 15:20:43,@LSMM8,Wpdbuvid,emoji,纯靠运气➕点努力，到时候,
2024-12-29 15:20:40,@LSMM8,em90906,text,兄弟姐妹们我们一起飞起来,
2024-12-29 15:20:40,@LSMM8,BTC1357900,text,积分,
2024-12-29 15:20:33,@LSMM8,em90906,text,今天晚上人挺多的,
2024-12-29 15:20:28,@LSMM8,Wpdbuvid,text,到时候也不知道运气如何,
2024-12-29 15:20:16,@LSMM8,Wpdbuvid,text,有空路过就聊天聊天,
2024-12-29 15:20:14,@LSMM8,em90906,text,冲起来冲起来,
2024-12-29 15:20:11,@LSMM8,bnmm61,text,这个还复制我的话呢,
2024-12-29 15:20:11,@LSMM8,em90906,text,这么多人有多少,
2024-12-29 15:20:06,@LSMM8,em90906,text,今天有二十个人,
2024-12-29 15:20:03,@LSMM8,goodluui,emoji,😂为了社区拼命是吧,
2024-12-29 15:20:02,@LSMM8,Wpdbuvid,text,庆祝庆祝到时候吃顿好的,
2024-12-29 15:19:57,@LSMM8,em90906,text,这几天你们小号好多,
2024-12-29 15:19:55,@LSMM8,Wpdbuvid,text,马上过节了，红红火火,
2024-12-29 15:19:49,@LSMM8,bnmm61,text,我的确吸了很多空气,
2024-12-29 15:19:48,@LSMM8,Wpdbuvid,text,这两天攒积分，等节目到来,
2024-12-29 15:19:35,@LSMM8,em90906,text,这么多人哈哈,
2024-12-29 15:19:31,@LSMM8,bnmm61,text,这几天你们小号好多,
2024-12-29 15:19:31,@LSMM8,em90906,text,今天认真的样子,
2024-12-29 15:19:26,@LSMM8,em90906,text,活跃排名,
2024-12-29 15:19:24,@LSMM8,em90906,text,还有四十多个是不,
2024-12-29 15:19:19,@LSMM8,Wpdbuvid,text,看了下应该不是啦哈哈,
2024-12-29 15:19:14,@LSMM8,em90906,text,我的分后天够抽奖了吧,
2024-12-29 15:19:11,@LSMM8,bnmm61,text,你也很少见到哦你,
2024-12-29 15:19:08,@LSMM8,Wpdbuvid,text,就是有点怀疑而已，,
2024-12-29 15:19:04,@LSMM8,em90906,text,活跃排名,
2024-12-29 15:19:02,@LSMM8,em90906,text,看一下我多少分了,
2024-12-29 15:18:57,@LSMM8,em90906,text,我晚上都没吃饭，你还吃撑了,
2024-12-29 15:18:53,@LSMM8,goodluui,sticker,,话术\media_files\LSMM8\20241229_235248_goodluui.tgs
2024-12-29 15:18:52,@LSMM8,Wpdbuvid,text,也不知道是不是啊,
2024-12-29 15:18:51,@LSMM8,em90906,text,我手里有18U。,
2024-12-29 15:18:48,@LSMM8,bnmm61,text,我怎么可能是机器,
2024-12-29 15:18:45,@LSMM8,Wpdbuvid,text,这个面孔感觉少见吧,
2024-12-29 15:18:41,@LSMM8,goodluui,sticker,,话术\media_files\LSMM8\20241229_235255_goodluui.tgs
2024-12-29 15:18:35,@LSMM8,goodluui,text,是不是机器,
2024-12-29 15:18:32,@LSMM8,Wpdbuvid,text,咱们也不知道也不敢说,
2024-12-29 15:18:27,@LSMM8,bnmm61,text,我在练习吸气运动,
2024-12-29 15:18:25,@LSMM8,goodluui,text,三哥你看这个老几,
2024-12-29 15:18:18,@LSMM8,Wpdbuvid,text,哈哈哈，好像人机。,
2024-12-29 15:18:11,@LSMM8,Wpdbuvid,text,撸毛的看一看吧，多分享,
2024-12-29 15:18:09,@LSMM8,bnmm61,text,我吸了好多空气在肚子,
2024-12-29 15:18:08,@LSMM8,H688888,sticker,,话术\media_files\LSMM8\20241229_235256_H688888.tgs
2024-12-29 15:18:03,@LSMM8,goodluui,emoji,怎么感觉傻呼呼的😄,
2024-12-29 15:17:59,@LSMM8,bnmm61,text,我吸气吸气把肚子撑的,
2024-12-29 15:17:59,@LSMM8,Wpdbuvid,text,有空就多分享下项目,
2024-12-29 15:17:50,@LSMM8,goodluui,text,这个确定是真人？,
2024-12-29 15:17:41,@LSMM8,Wpdbuvid,text,饿傻了吗还是怎么了,
2024-12-29 15:17:40,@LSMM8,w87005691,text,钱到,
2024-12-29 15:17:34,@LSMM8,Wpdbuvid,text,兄弟你在说啥子呢,
2024-12-29 15:17:24,@LSMM8,Wpdbuvid,text,哈哈哈哈哈哈哈,
2024-12-29 15:17:22,@LSMM8,bnmm61,text,我的肚子变大大了,
2024-12-29 15:17:20,@LSMM8,Wpdbuvid,text,我都很少去买去吃,
2024-12-29 15:17:14,@LSMM8,Wpdbuvid,text,楼下夜宵摆摊老多了,
2024-12-29 15:17:04,@LSMM8,goodluui,text,出去溜达一万步,
2024-12-29 15:17:02,@LSMM8,bnmm61,text,感觉有好多空气在肚子,
2024-12-29 15:16:55,@LSMM8,Wpdbuvid,text,真心羡慕辽，哈哈哈哈,
2024-12-29 15:16:50,@LSMM8,Wpdbuvid,text,我晚上都没吃饭，你还吃撑了,
2024-12-29 15:16:42,@LSMM8,goodluui,text,也许运气也很重要,
2024-12-29 15:16:39,@LSMM8,Wpdbuvid,text,吃啥好吃的夜宵啊,
2024-12-29 15:16:20,@LSMM8,Wpdbuvid,text,然后多学习，才能把握的住,
2024-12-29 15:16:20,@LSMM8,bnmm61,text,我的肚子有点撑现在,
2024-12-29 15:16:10,@LSMM8,Wpdbuvid,text,玩这个心态真的得平稳,
2024-12-29 15:16:01,@LSMM8,Wpdbuvid,text,心态不行，钱都给我糟蹋掉了,
2024-12-29 15:15:56,@LSMM8,bnmm61,text,我也是一样看别人,
2024-12-29 15:15:54,@LSMM8,goodluui,text,自己上了的都拉跨,
2024-12-29 15:15:51,@LSMM8,qq944874487,text,兄弟们这个正牌的春热点必须上点名牌项目方打造去年600多倍,
2024-12-29 15:15:49,@LSMM8,Wpdbuvid,text,哎，前阵子sol给我亏死了,
2024-12-29 15:15:43,@LSMM8,goodluui,emoji,😂我也是属于看别人赚,
2024-12-29 15:15:39,@LSMM8,Wpdbuvid,text,刚才才看到朋友圈又有人出u了,
2024-12-29 15:15:29,@LSMM8,Wpdbuvid,text,不像我，就都是看别人赚,
2024-12-29 15:15:22,@LSMM8,Wpdbuvid,text,有玩的最近应该都有得赚,
2024-12-29 15:15:21,@LSMM8,bnmm61,text,他们肯定赚麻了哈哈,
2024-12-29 15:15:12,@LSMM8,qq944874487,video,,话术\media_files\LSMM8\20241229_235256_qq944874487.unknown
2024-12-29 15:15:03,@LSMM8,goodluui,text,兄弟们又赚麻了是吧,
2024-12-29 15:14:58,@LSMM8,Wpdbuvid,text,多少都有点赚头。,
2024-12-29 15:14:47,@LSMM8,Wpdbuvid,text,最近感觉行情还行,
2024-12-29 15:14:41,@LSMM8,bnmm61,text,感觉有好多空气在肚子,
2024-12-29 15:14:41,@LSMM8,Wpdbuvid,text,等待next项目,
2024-12-29 15:14:32,@LSMM8,bnmm61,text,我的肚子好撑啊,
2024-12-29 15:14:29,@LSMM8,Wpdbuvid,text,因为没预售，错过了,
2024-12-29 15:14:22,@LSMM8,Wpdbuvid,text,cow今晚没太注意。,
2024-12-29 15:14:06,@LSMM8,Wpdbuvid,text,刚忙完打开手机就来了。,
2024-12-29 15:13:47,@LSMM8,bnmm61,text,那就是太牛比的了,
2024-12-29 15:13:45,@LSMM8,Wpdbuvid,text,一下子又一千多条消息,
2024-12-29 15:13:37,@LSMM8,Wpdbuvid,text,这两天晚上真热闹啊,
2024-12-29 15:13:08,@LSMM8,Slopy888,image,,话术\media_files\LSMM8\20241229_235326_Slopy888.webp
2024-12-29 15:12:20,@LSMM8,BluesLoo,text,没操底不然也有2倍多,
2024-12-29 15:11:40,@LSMM8,Jie5134,text,哈哈，那是必须的,
2024-12-29 15:10:52,@LSMM8,,text,还好没被割下车,
2024-12-29 15:10:48,@LSMM8,Jie5134,text,760,
2024-12-29 15:10:46,@LSMM8,BluesLoo,text,相当牛逼的币子啊！,
2024-12-29 15:10:24,@LSMM8,,text,要破零了，牛头,
2024-12-29 15:10:16,@LSMM8,BluesLoo,text,又套进去了 没卖等于没赚,
2024-12-29 15:10:04,@LSMM8,BluesLoo,text,巴克币子又跌下来了,
2024-12-29 15:10:01,@LSMM8,bnmm61,text,开始发力开始发力了,
2024-12-29 15:09:27,@LSMM8,H688888,photo,,话术\media_files\LSMM8\20241229_235328_H688888.jpg
2024-12-29 15:09:26,@LSMM8,BluesLoo,text,牛币怎么这么的猛安,
2024-12-29 15:08:31,@LSMM8,bnmm61,text,牛比了牛比了哈哈,
2024-12-29 15:08:07,@LSMM8,H688888,photo,,话术\media_files\LSMM8\20241229_235329_H688888.jpg
2024-12-29 15:07:49,@LSMM8,H688888,text,马上要新高了,
2024-12-29 15:07:40,@LSMM8,Jie5134,photo,三哥，新高了COW,话术\media_files\LSMM8\20241229_235331_Jie5134.jpg
2024-12-29 15:07:02,@LSMM8,bnmm61,text,换了好多个英文号,
2024-12-29 15:06:48,@LSMM8,bnmm61,text,这个因为名的号真多,
2024-12-29 15:06:27,@LSMM8,Lp557788,text,钱到,
2024-12-29 15:06:14,@LSMM8,bnmm61,text,你在哪里呀小虎虎,
2024-12-29 15:06:09,@LSMM8,BluesLoo,text,没有 我只有这一个号码,
2024-12-29 15:05:26,@LSMM8,bnmm61,text,你肯定是还有大号,
2024-12-29 15:05:21,@LSMM8,BluesLoo,text,这两天温度都只有10来度,
2024-12-29 15:05:17,@LSMM8,bnmm61,text,你干什么去了你,
2024-12-29 15:04:21,@LSMM8,bnmm61,text,我不是梦想哈哈哈,
2024-12-29 15:04:14,@LSMM8,BluesLoo,text,积分,
2024-12-29 15:04:10,@LSMM8,kunhi16888,text,不一定哪一个爆火,
2024-12-29 15:04:05,@LSMM8,BluesLoo,text,你是梦想小号吗？,
2024-12-29 15:04:03,@LSMM8,kunhi16888,text,不一定 春晚节目单很多节目,
2024-12-29 15:03:43,@LSMM8,bnmm61,text,小虎你是姑娘的是吗,
2024-12-29 15:03:41,@LSMM8,kunhi16888,text,钱到,
2024-12-29 15:03:29,@LSMM8,kunhi16888,text,签到,
2024-12-29 15:03:18,@LSMM8,BluesLoo,text,现在春晚名单就有了啊,
2024-12-29 15:02:38,@LSMM8,kunhi16888,text,有,
2024-12-29 15:02:24,@LSMM8,kunhi16888,text,报道,
2024-12-29 15:02:18,@LSMM8,kunhi16888,text,积分,
2024-12-29 15:02:10,@LSMM8,kunhi16888,text,村晚被喊起开了,
2024-12-29 15:00:31,@LSMM8,soy233,text,"欢迎新人来到强盛集团
31号晚上我们有活动 叫强盛集团第二届ktv大赛
活动奖励丰富，活动内容精彩不容错过",
2024-12-29 14:57:20,@LSMM8,bnmm61,text,休息一下也是可以的,
2024-12-29 14:57:13,@LSMM8,,text,一百u一天,
2024-12-29 14:57:11,@LSMM8,bnmm61,text,没有买就没有买吧,
2024-12-29 14:56:40,@LSMM8,BluesLoo,text,今天躺平 没有买币子,
2024-12-29 14:56:36,@LSMM8,bnmm61,text,那你说你是男的还是女的,
2024-12-29 14:56:34,@LSMM8,,text,招向导,
2024-12-29 14:56:21,@LSMM8,BluesLoo,text,你是哪一个的小号,
2024-12-29 14:56:16,@LSMM8,,text,有重庆没得的,
2024-12-29 14:55:43,@LSMM8,bnmm61,text,小虎姑娘你是小虎姑娘吗,
2024-12-29 14:55:27,@LSMM8,BluesLoo,text,时间过得真快就差两天了,
2024-12-29 14:55:25,@LSMM8,,text,搞些价值币，量小，涨无边,
2024-12-29 14:54:32,@LSMM8,bnmm61,text,慢慢搞就是了哇,
2024-12-29 14:54:25,@LSMM8,bnmm61,text,什么都可以搞吧,
2024-12-29 14:54:20,@LSMM8,ZY696,text,钱到,
2024-12-29 14:54:14,@LSMM8,,text,强盛集团兄弟提前祝大家2025快乐，个个油多多,
2024-12-29 14:54:03,@LSMM8,BluesLoo,text,今天没有玩什么币子,
2024-12-29 14:53:52,@LSMM8,bnmm61,text,积分,
2024-12-29 14:53:26,@LSMM8,H688888,video,,话术\media_files\LSMM8\20241229_235332_H688888.mp4
2024-12-29 14:52:33,@LSMM8,bnmm61,text,大哥跑到哪里去了,
2024-12-29 14:51:27,@LSMM8,,text,钱到,
2024-12-29 14:48:15,@LSMM8,H688888,video,,话术\media_files\LSMM8\20241229_235334_H688888.mp4
2024-12-29 14:41:58,@LSMM8,bnmm61,text,是不是去偷撸了,
2024-12-29 14:41:51,@LSMM8,bnmm61,text,那个梦想跑去哪里了,
2024-12-29 14:41:18,@LSMM8,,text,3iW3SJfVNC4t4z5sYCaAkcxoN8v8R5hFzzzLfr49pump,
2024-12-29 14:41:18,@LSMM8,,text,狗爹刚刚在推特发的glaDOS is my ideal AI.这个AI叙事感觉不错,
2024-12-29 14:41:17,@LSMM8,,photo,,
2024-12-29 14:40:57,@LSMM8,,text,公认大佬,
2024-12-29 14:40:56,@LSMM8,,text,坐着火车来重庆,
2024-12-29 14:40:24,@LSMM8,bnmm61,text,我都没有他号多,
2024-12-29 14:40:16,@LSMM8,bnmm61,text,我就说群里大佬多吧,
2024-12-29 14:40:06,@LSMM8,bnmm61,text,那个老周那么多号吗？,
2024-12-29 14:39:40,@LSMM8,,text,他又去换小号了,
2024-12-29 14:39:30,@LSMM8,bnmm61,text,太极八卦连环掌,
2024-12-29 14:38:34,@LSMM8,,text,换一换朴实无华的口味,
2024-12-29 14:38:20,@LSMM8,,text,吃多了山珍海味,
2024-12-29 14:38:10,@LSMM8,,text,估计是太久不食人间烟味,
2024-12-29 14:38:02,@LSMM8,BTC1357900,text,解解馋而已吧,
2024-12-29 14:37:55,@LSMM8,BTC1357900,text,可能就是馋了,
2024-12-29 14:37:55,@LSMM8,,text,吃的是金屑面吧，带金子的,
2024-12-29 14:37:35,@LSMM8,BTC1357900,text,我也不信的，,
2024-12-29 14:37:24,@LSMM8,,text,大佬一个居然吃泡面,
2024-12-29 14:37:23,@LSMM8,BTC1357900,text,太强了了，他,
2024-12-29 14:37:17,@LSMM8,,text,他吃泡面我就不信了,
2024-12-29 14:37:15,@LSMM8,bnmm61,text,老周不是大佬吗,
2024-12-29 14:37:13,@LSMM8,BTC1357900,text,刚刚换的小号，搜一下满了,
2024-12-29 14:36:57,@LSMM8,BTC1357900,text,那个他小号啊,
2024-12-29 14:36:53,@LSMM8,bnmm61,text,我号不会取英文名字,
2024-12-29 14:36:47,@LSMM8,BTC1357900,text,吃泡面的老周啊,
2024-12-29 14:36:35,@LSMM8,BTC1357900,text,就是楼上的那个,
2024-12-29 14:36:34,@LSMM8,bnmm61,text,英文名字都不是我的号,
2024-12-29 14:36:32,@LSMM8,,text,纸飞机不好注册,
2024-12-29 14:36:26,@LSMM8,,text,我才一个号，,
2024-12-29 14:36:21,@LSMM8,,text,你们打满多少个号了,
2024-12-29 14:36:17,@LSMM8,bnmm61,text,那是谁的号啊啊啊啊,
2024-12-29 14:36:15,@LSMM8,,text,积分,
2024-12-29 14:36:06,@LSMM8,afidelofh,text,大家好,
2024-12-29 14:36:04,@LSMM8,BTC1357900,text,积分,
2024-12-29 14:36:00,@LSMM8,bnmm61,text,什么这个号那个号,
2024-12-29 14:35:52,@LSMM8,BTC1357900,text,不得不服你了,
2024-12-29 14:35:43,@LSMM8,BTC1357900,text,这个号那么快又打满了,
2024-12-29 14:35:32,@LSMM8,BTC1357900,text,你是真猛啊。,
2024-12-29 14:35:22,@LSMM8,bnmm61,document,,话术\media_files\LSMM8\20241229_235336_bnmm61.webm
2024-12-29 14:34:07,@LSMM8,buybyinfo,text,朋友不哭，站起来撸。,
2024-12-29 14:33:57,@LSMM8,buybyinfo,text,兄弟们，来个CA。我要冲一下。,
2024-12-29 14:33:52,@LSMM8,bnmm61,text,不要说这垃圾那垃圾的事情,
2024-12-29 14:33:51,@LSMM8,,text,泡面不错啊,
2024-12-29 14:33:48,@LSMM8,buybyinfo,text,准备站起来撸一发了。,
2024-12-29 14:33:42,@LSMM8,buybyinfo,text,感觉又有力气了。,
2024-12-29 14:33:41,@LSMM8,,text,快过年了吃好喝好,
2024-12-29 14:33:38,@LSMM8,buybyinfo,text,没吃呢。吃泡面了。,
2024-12-29 14:33:34,@LSMM8,buybyinfo,text,也不可能见盘就冲是吧。,
2024-12-29 14:33:32,@LSMM8,,text,大家吃夜宵了没,
2024-12-29 14:33:30,@LSMM8,H688888,sticker,,话术\media_files\LSMM8\20241229_235343_H688888.tgs
2024-12-29 14:33:28,@LSMM8,,text,不聊这个了,
2024-12-29 14:33:20,@LSMM8,buybyinfo,text,有些狗庄真的没法玩。,
2024-12-29 14:33:20,@LSMM8,,text,还是多注意点,
2024-12-29 14:33:18,@LSMM8,bnmm61,text,别说这些影响行情的事情,
2024-12-29 14:33:16,@LSMM8,buybyinfo,text,自己还是要去挖一下信息。,
2024-12-29 14:33:11,@LSMM8,,text,对，年底了,
2024-12-29 14:33:09,@LSMM8,buybyinfo,text,置顶是给你信息交换。,
2024-12-29 14:33:08,@LSMM8,changzel,text,真垃圾啊,
2024-12-29 14:33:04,@LSMM8,buybyinfo,text,没看好的时候不要冲。,
2024-12-29 14:33:00,@LSMM8,buybyinfo,text,看好了再冲就是了。,
2024-12-29 14:32:56,@LSMM8,buybyinfo,text,年底了，大家注意。,
2024-12-29 14:32:49,@LSMM8,buybyinfo,text,狗庄不格局有啥法。,
2024-12-29 14:32:46,@LSMM8,,text,又拉回了快七楼了,
2024-12-29 14:32:45,@LSMM8,buybyinfo,text,基本就是这样的。,
2024-12-29 14:32:42,@LSMM8,buybyinfo,text,行情不好的时候。,
2024-12-29 14:32:36,@LSMM8,hanjianjie123456,text,这阵子都是置顶啥玩意,
2024-12-29 14:32:35,@LSMM8,buybyinfo,text,山总？谁是山总？,
2024-12-29 14:32:32,@LSMM8,,text,今晚置顶还不错啊,
2024-12-29 14:32:32,@LSMM8,bnmm61,text,别啥都说这些哈,
2024-12-29 14:32:15,@LSMM8,hanjianjie123456,text,山总置顶能不能搞些靠谱的啊,
2024-12-29 14:32:03,@LSMM8,,text,跑路的，开盘割的，什么花样都有,
2024-12-29 14:31:49,@LSMM8,,text,亏得裤衩都没了,
2024-12-29 14:31:39,@LSMM8,,text,割的我慌得一批,
2024-12-29 14:31:32,@LSMM8,,text,好多个项目了,
2024-12-29 14:31:24,@LSMM8,buybyinfo,text,是真尼玛难看的行情。,
2024-12-29 14:31:18,@LSMM8,buybyinfo,text,不是割了就是跑了。,
2024-12-29 14:31:12,@LSMM8,buybyinfo,text,没几个拿得出手的。,
2024-12-29 14:31:08,@LSMM8,buybyinfo,text,一级我觉得是真惨。,
2024-12-29 14:31:04,@LSMM8,buybyinfo,text,二级市场今年还好。,
2024-12-29 14:30:58,@LSMM8,buybyinfo,text,一听全是国骂来的。,
2024-12-29 14:30:56,@LSMM8,,text,太多人被割了,
2024-12-29 14:30:55,@LSMM8,buybyinfo,text,一开AMA就全现形了。 。,
2024-12-29 14:30:49,@LSMM8,,text,怪不得今年二级市场不行,
2024-12-29 14:30:48,@LSMM8,buybyinfo,text,都是割自己人的。,
2024-12-29 14:30:43,@LSMM8,buybyinfo,text,大规模的人在SOL上是国人。,
2024-12-29 14:30:33,@LSMM8,,text,现在估计又回币安了吧,
2024-12-29 14:30:32,@LSMM8,buybyinfo,text,哪里能骗到老外。,
2024-12-29 14:30:28,@LSMM8,buybyinfo,text,没懂他们的套路深。,
2024-12-29 14:30:25,@LSMM8,,text,都是去骗老外。,
2024-12-29 14:30:22,@LSMM8,buybyinfo,text,看来我还是太年轻了。,
2024-12-29 14:30:15,@LSMM8,buybyinfo,text,一个盘子人均搞几SOL。,
2024-12-29 14:30:10,@LSMM8,buybyinfo,text,一天几十个盘子。,
2024-12-29 14:30:09,@LSMM8,,text,要啥都是机器人的,
2024-12-29 14:30:07,@LSMM8,buybyinfo,text,一群人作案的。,
2024-12-29 14:30:03,@LSMM8,buybyinfo,text,说PUMP上有一个团伙。,
2024-12-29 14:29:59,@LSMM8,buybyinfo,text,蒋哥上次提醒了我们的。,
2024-12-29 14:29:57,@LSMM8,,text,这年头机器人吃香,
2024-12-29 14:29:53,@LSMM8,buybyinfo,text,那群逼倒底是啥来头。,
2024-12-29 14:29:47,@LSMM8,BTC1357900,text,搞不过那些机器人的,
2024-12-29 14:29:46,@LSMM8,buybyinfo,text,就PVP不过他们呢。,
2024-12-29 14:29:42,@LSMM8,buybyinfo,text,怎么我的机器人。,
2024-12-29 14:29:40,@LSMM8,buybyinfo,text,我也是机器人哎。,
2024-12-29 14:29:36,@LSMM8,buybyinfo,text,结果是谷。,
2024-12-29 14:29:34,@LSMM8,BTC1357900,text,别人都是用机器人的,
2024-12-29 14:29:32,@LSMM8,buybyinfo,text,我看着的顶。卖出去。,
2024-12-29 14:29:27,@LSMM8,buybyinfo,text,人就在山顶了。,
2024-12-29 14:29:25,@LSMM8,buybyinfo,text,我看着的底。买进去。,
2024-12-29 14:29:23,@LSMM8,,text,积分是不是可以参与活动,
2024-12-29 14:29:19,@LSMM8,buybyinfo,text,那群逼手速太快了。,
2024-12-29 14:29:19,@LSMM8,BTC1357900,text,不玩sol链的吗,
2024-12-29 14:29:14,@LSMM8,buybyinfo,text,真不是他们的对手。,
2024-12-29 14:29:11,@LSMM8,buybyinfo,text,再也不去PUMP了。,
2024-12-29 14:29:08,@LSMM8,buybyinfo,text,输完了退圈了。,
2024-12-29 14:29:00,@LSMM8,buybyinfo,text,我都不玩了哎。,
2024-12-29 14:28:57,@LSMM8,,text,积分,
2024-12-29 14:28:56,@LSMM8,buybyinfo,text,SOL还是不会玩的。,
2024-12-29 14:28:54,@LSMM8,,text,心脏都要跳出来了,
2024-12-29 14:28:52,@LSMM8,BTC1357900,text,积分,
2024-12-29 14:28:46,@LSMM8,buybyinfo,text,积分,
2024-12-29 14:28:45,@LSMM8,buybyinfo,text,很多连个电报都没有。,
2024-12-29 14:28:45,@LSMM8,,text,sol比我座山车还猛,
2024-12-29 14:28:41,@LSMM8,buybyinfo,text,纯赌博性质的。,
2024-12-29 14:28:36,@LSMM8,buybyinfo,text,一般莫不是有几千个盘。,
2024-12-29 14:28:31,@LSMM8,buybyinfo,text,刚才看了一个PUMP。,
2024-12-29 14:28:30,@LSMM8,BTC1357900,text,过山车一样,
2024-12-29 14:28:25,@LSMM8,BTC1357900,text,Sol是最刺激的,
2024-12-29 14:28:18,@LSMM8,,text,取钱过个好年,
2024-12-29 14:28:10,@LSMM8,,text,也是,
2024-12-29 14:28:04,@LSMM8,buybyinfo,text,怎么可能拉资方。,
2024-12-29 14:27:57,@LSMM8,buybyinfo,text,项目方是来取钱的。,
2024-12-29 14:27:42,@LSMM8,H688888,sticker,,话术\media_files\LSMM8\20241229_235344_H688888.tgs
2024-12-29 14:27:40,@LSMM8,buybyinfo,text,多等一秒都是亏。,
2024-12-29 14:27:35,@LSMM8,,text,可惜了，目光短浅,
2024-12-29 14:27:34,@LSMM8,buybyinfo,text,SOL上没几个能格局的。,
2024-12-29 14:27:25,@LSMM8,,text,还是很容易起飞的，,
2024-12-29 14:27:21,@LSMM8,buybyinfo,text,那个就适合不格局的。,
2024-12-29 14:27:15,@LSMM8,,text,所以啊，还得是项目方格局一点，拉一些资方,
2024-12-29 14:27:15,@LSMM8,buybyinfo,text,不格局直接去PUMP。,
2024-12-29 14:27:04,@LSMM8,,text,主要是不格局，怎么可能赢dx,
2024-12-29 14:26:56,@LSMM8,buybyinfo,text,今年不是就收获了嘛,
2024-12-29 14:26:52,@LSMM8,buybyinfo,text,去年锁住BNB的那群人。,
2024-12-29 14:26:48,@LSMM8,buybyinfo,text,基本都是赚钱了的。,
2024-12-29 14:26:43,@LSMM8,buybyinfo,text,一直开盘的人。,
2024-12-29 14:26:38,@LSMM8,buybyinfo,text,最近要过年了。,
2024-12-29 14:26:35,@LSMM8,buybyinfo,text,卖酒？这业务好哟。,
2024-12-29 14:26:26,@LSMM8,buybyinfo,text,最后回来了点点。,
2024-12-29 14:26:25,@LSMM8,zcbf131419,text,你们最近都赚麻了，我还在市场分销酒呢,
2024-12-29 14:26:24,@LSMM8,,text,只一直开盘,
2024-12-29 14:26:22,@LSMM8,buybyinfo,text,还好抄了一下底子。,
2024-12-29 14:26:18,@LSMM8,buybyinfo,text,映射第二个又亏。,
2024-12-29 14:26:17,@LSMM8,,text,314都不重心，,
2024-12-29 14:26:14,@LSMM8,buybyinfo,text,第一个盘子出来就亏了。,
2024-12-29 14:26:09,@LSMM8,buybyinfo,text,当时好像群友喊上车。,
2024-12-29 14:26:05,@LSMM8,buybyinfo,text,差点就亏钱了。,
2024-12-29 14:26:01,@LSMM8,buybyinfo,text,我也是冲了的。,
2024-12-29 14:25:59,@LSMM8,buybyinfo,text,还有那个7660好像是。,
2024-12-29 14:25:48,@LSMM8,buybyinfo,text,314狗庄一直在开盘吧,
2024-12-29 14:25:39,@LSMM8,,text,感觉没前途，没有资金方关系,
2024-12-29 14:25:30,@LSMM8,buybyinfo,text,这是真没想到的。,
2024-12-29 14:25:30,@LSMM8,,text,年底的314又废了,
2024-12-29 14:25:27,@LSMM8,buybyinfo,text,结果没想到结局这样。,
2024-12-29 14:25:21,@LSMM8,buybyinfo,text,我以为314协议能干掉DEX呢。,
2024-12-29 14:25:12,@LSMM8,buybyinfo,text,年初不是314协议很火嘛。,
2024-12-29 14:25:07,@LSMM8,buybyinfo,text,好像叫啥314还是啥的。,
2024-12-29 14:24:59,@LSMM8,buybyinfo,text,最后涨到300多U一个。,
2024-12-29 14:24:53,@LSMM8,buybyinfo,text,蒋哥给一人空投一个。,
2024-12-29 14:24:50,@LSMM8,BTC1357900,text,你是懂格局的,
2024-12-29 14:24:47,@LSMM8,buybyinfo,text,我记得前面那个啥币？,
2024-12-29 14:24:41,@LSMM8,buybyinfo,text,我还是选择格局一下。,
2024-12-29 14:24:40,@LSMM8,BTC1357900,text,哈哈哈哈哈,
2024-12-29 14:24:31,@LSMM8,buybyinfo,text,蒋哥气得手抖。,
2024-12-29 14:24:28,@LSMM8,,text,跑快点好,
2024-12-29 14:24:25,@LSMM8,,text,那个也跑了,
2024-12-29 14:24:23,@LSMM8,buybyinfo,text,转身直接就卖掉了。,
2024-12-29 14:24:22,@LSMM8,BTC1357900,text,这样子的吗,
2024-12-29 14:24:22,@LSMM8,,text,哈哈哈，,
2024-12-29 14:24:20,@LSMM8,buybyinfo,text,以前有人拿到空投。,
2024-12-29 14:24:14,@LSMM8,buybyinfo,text,不能给强盛集团丢脸。,
2024-12-29 14:24:11,@LSMM8,buybyinfo,text,觉得不好意思卖。,
2024-12-29 14:24:09,@LSMM8,buybyinfo,text,我有时候刚拿到空投。,
2024-12-29 14:24:03,@LSMM8,buybyinfo,text,兄弟们全跑了哎。,
2024-12-29 14:23:59,@LSMM8,buybyinfo,text,结果一看群里。,
2024-12-29 14:23:56,@LSMM8,buybyinfo,text,我拿到今天还在。,
2024-12-29 14:23:53,@LSMM8,buybyinfo,text,上次那个BUCK就是。,
2024-12-29 14:23:46,@LSMM8,,text,格局一波过个好年,
2024-12-29 14:23:42,@LSMM8,buybyinfo,text,格局太久了不行的。,
2024-12-29 14:23:39,@LSMM8,buybyinfo,text,好多都归0了。,
2024-12-29 14:23:39,@LSMM8,,text,今年不知道能拿到金狗不,
2024-12-29 14:23:34,@LSMM8,buybyinfo,text,结果选择了格局住。,
2024-12-29 14:23:31,@LSMM8,buybyinfo,text,估计还有几百U。,
2024-12-29 14:23:29,@LSMM8,buybyinfo,text,如果空投的币卖的话。,
2024-12-29 14:23:22,@LSMM8,BTC1357900,text,金狗还是挺优质的,
2024-12-29 14:23:21,@LSMM8,buybyinfo,text,好像都拿了大几百U。,
2024-12-29 14:23:18,@LSMM8,buybyinfo,text,去年在强盛集团拿空投。,
2024-12-29 14:23:15,@LSMM8,,text,还有两天,
2024-12-29 14:23:10,@LSMM8,BTC1357900,text,是啊,
2024-12-29 14:23:07,@LSMM8,,text,快过年了一定很热闹,
2024-12-29 14:23:04,@LSMM8,buybyinfo,text,金狗是不少的。,
2024-12-29 14:22:59,@LSMM8,buybyinfo,text,强盛集团热闹的时候。,
2024-12-29 14:22:47,@LSMM8,BTC1357900,text,小号也打满他,
2024-12-29 14:22:45,@LSMM8,buybyinfo,text,没有主题的。随便聊。,
2024-12-29 14:22:41,@LSMM8,,text,以为是遇到什么金狗了,
2024-12-29 14:22:38,@LSMM8,BTC1357900,text,搞起来,
2024-12-29 14:22:32,@LSMM8,,text,怎么一刷好多,
2024-12-29 14:22:30,@LSMM8,BTC1357900,text,牛啊,
2024-12-29 14:22:23,@LSMM8,,text,你们都在聊啥,
2024-12-29 14:22:21,@LSMM8,buybyinfo,text,这个就是我小号。,
2024-12-29 14:22:18,@LSMM8,buybyinfo,text,哈哈。我明盘的。,
2024-12-29 14:22:13,@LSMM8,buybyinfo,text,我已经打了三四条了。,
2024-12-29 14:22:13,@LSMM8,BTC1357900,text,这个你小号吗,
2024-12-29 14:22:09,@LSMM8,buybyinfo,text,你打一条的时候。,
2024-12-29 14:22:06,@LSMM8,buybyinfo,text,就能打多快的。,
2024-12-29 14:22:03,@LSMM8,buybyinfo,text,我思想有多快。,
2024-12-29 14:22:01,@LSMM8,BTC1357900,text,一下子变那么多了,
2024-12-29 14:22:00,@LSMM8,buybyinfo,text,你看我打字速度。,
2024-12-29 14:21:57,@LSMM8,buybyinfo,text,先泡个面吃了来。,
2024-12-29 14:21:56,@LSMM8,BTC1357900,text,怎么回事，,
2024-12-29 14:21:53,@LSMM8,buybyinfo,text,接着存点积 分咯。,
2024-12-29 14:21:52,@LSMM8,BTC1357900,text,刚才你不是只有20多而已ma,
2024-12-29 14:21:48,@LSMM8,buybyinfo,text,这不得切个号上来。,
2024-12-29 14:21:43,@LSMM8,BTC1357900,text,那么快完成了,
2024-12-29 14:21:43,@LSMM8,buybyinfo,text,钱到,
2024-12-29 14:21:38,@LSMM8,BTC1357900,text,你怎么那么多啊,
2024-12-29 14:21:34,@LSMM8,le0nest,text,哟哟，这么快就完了？,
2024-12-29 14:21:28,@LSMM8,le0nest,text,积分,
2024-12-29 14:21:23,@LSMM8,le0nest,text,后面肯定还有更多。,
2024-12-29 14:21:19,@LSMM8,le0nest,text,能开100B的私募。,
2024-12-29 14:21:16,@LSMM8,le0nest,text,不知道换了多少号了。,
2024-12-29 14:21:13,@LSMM8,le0nest,text,现在？早就没声了。,
2024-12-29 14:21:06,@LSMM8,le0nest,text,真的是直接开口计。,
2024-12-29 14:21:04,@LSMM8,BluesLoo,text,时间过得真是快啊！,
2024-12-29 14:21:01,@LSMM8,BTC1357900,text,现在呢，他人怎么样了,
2024-12-29 14:20:59,@LSMM8,le0nest,text,他那会儿在群里。,
2024-12-29 14:20:57,@LSMM8,BluesLoo,text,再过两天今年就过去了,
2024-12-29 14:20:54,@LSMM8,le0nest,text,结果遇不到这么单纯的朋友了。,
2024-12-29 14:20:48,@LSMM8,le0nest,text,现在懂点技术了。,
2024-12-29 14:20:47,@LSMM8,BTC1357900,text,那就确实吊了,
2024-12-29 14:20:40,@LSMM8,le0nest,text,啥也不明白的。,
2024-12-29 14:20:37,@LSMM8,le0nest,text,天天就混个日子。,
2024-12-29 14:20:31,@LSMM8,le0nest,text,还不是很懂的样子。,
2024-12-29 14:20:31,@LSMM8,BTC1357900,text,哈哈哈哈哈,
2024-12-29 14:20:28,@LSMM8,le0nest,text,那会儿刚进圈子。,
2024-12-29 14:20:26,@LSMM8,bnmm61,text,先去学习学习了,
2024-12-29 14:20:23,@LSMM8,le0nest,text,结果他真给我打钱了。,
2024-12-29 14:20:19,@LSMM8,le0nest,text,就给了地址给他。,
2024-12-29 14:20:17,@LSMM8,bnmm61,text,先这样的这样吧,
2024-12-29 14:20:15,@LSMM8,le0nest,text,我还以为是骗子呢。,
2024-12-29 14:20:10,@LSMM8,le0nest,text,还换了一个号上来。,
2024-12-29 14:20:07,@LSMM8,le0nest,text,而且电报他注销了。,
2024-12-29 14:20:02,@LSMM8,le0nest,text,赚到了回来谢我的。,
2024-12-29 14:19:58,@LSMM8,le0nest,text,然后跑路的盘子。,
2024-12-29 14:19:54,@LSMM8,le0nest,text,没有，他直接私募。,
2024-12-29 14:19:52,@LSMM8,BTC1357900,text,我靠,
2024-12-29 14:19:47,@LSMM8,le0nest,text,这才85分呀。慢慢来。,
2024-12-29 14:19:47,@LSMM8,BTC1357900,text,这是多少倍了啊,
2024-12-29 14:19:44,@LSMM8,bnmm61,text,高手在民间不是吗,
2024-12-29 14:19:42,@LSMM8,BluesLoo,text,这么牛逼啊 8油赚那么多,
2024-12-29 14:19:40,@LSMM8,le0nest,text,积分,
2024-12-29 14:19:39,@LSMM8,le0nest,text,我多少分了兄弟们》,
2024-12-29 14:19:36,@LSMM8,BTC1357900,text,那么牛啊。,
2024-12-29 14:19:33,@LSMM8,le0nest,text,不过他直接跑路了。,
2024-12-29 14:19:32,@LSMM8,bnmm61,text,慢慢来吧慢慢吃饭,
2024-12-29 14:19:28,@LSMM8,le0nest,text,真的是哪里都有牛人。,
2024-12-29 14:19:24,@LSMM8,le0nest,text,结果他去私募了100多B。,
2024-12-29 14:19:17,@LSMM8,le0nest,text,就分了8U给他吃饭。,
2024-12-29 14:19:16,@LSMM8,bnmm61,text,谁没有饭吃了呀,
2024-12-29 14:19:16,@LSMM8,BTC1357900,text,积分,
2024-12-29 14:19:12,@LSMM8,le0nest,text,我手里有18U。,
2024-12-29 14:19:08,@LSMM8,em90906,text,一会再来聊天,
2024-12-29 14:19:04,@LSMM8,em90906,text,私募肯定能赚钱,
2024-12-29 14:19:01,@LSMM8,le0nest,text,他好像真的没饭吃了。,
2024-12-29 14:19:00,@LSMM8,em90906,text,我也想打私募的,
2024-12-29 14:18:58,@LSMM8,le0nest,text,而且就三天时间。,
2024-12-29 14:18:53,@LSMM8,le0nest,text,他收到了给了我1B。,
2024-12-29 14:18:50,@LSMM8,yas00000000000,text,钱到,
2024-12-29 14:18:49,@LSMM8,le0nest,text,到处都杀红眼了。,
2024-12-29 14:18:48,@LSMM8,em90906,text,活跃排名,
2024-12-29 14:18:46,@LSMM8,bnmm61,text,不是一般的厉害了,
2024-12-29 14:18:45,@LSMM8,em90906,text,你们几个人了,
2024-12-29 14:18:45,@LSMM8,le0nest,text,那会儿世界杯。,
2024-12-29 14:18:41,@LSMM8,le0nest,text,收了100多BNB跑路了。,
2024-12-29 14:18:41,@LSMM8,em90906,text,就我没有105分的吗？,
2024-12-29 14:18:41,@LSMM8,bnmm61,text,太厉害了你们几个人,
2024-12-29 14:18:36,@LSMM8,le0nest,text,居然搞了预售。,
2024-12-29 14:18:35,@LSMM8,em90906,text,你这么大方啊,
2024-12-29 14:18:33,@LSMM8,le0nest,text,后来他不知道怎么搞的。,
2024-12-29 14:18:32,@LSMM8,bnmm61,text,明天再搞也是一样的,
2024-12-29 14:18:29,@LSMM8,em90906,text,我现在也是没钱吃饭,
2024-12-29 14:18:27,@LSMM8,le0nest,text,我给了他8U吃饭。,
2024-12-29 14:18:23,@LSMM8,em90906,text,你们速度特别的快,
2024-12-29 14:18:21,@LSMM8,le0nest,text,22年底的时候，没钱吃饭。,
2024-12-29 14:18:19,@LSMM8,bnmm61,text,出门上街讨饭了啊,
2024-12-29 14:18:17,@LSMM8,em90906,text,都没有105分了啊,
2024-12-29 14:18:17,@LSMM8,le0nest,text,好像另一个群的。,
2024-12-29 14:18:13,@LSMM8,BTC1357900,text,是啊，怎么那么多的,
2024-12-29 14:18:13,@LSMM8,le0nest,text,哈哈。以前有个群友。,
2024-12-29 14:18:12,@LSMM8,em90906,text,我今天水一天,
2024-12-29 14:18:08,@LSMM8,em90906,text,你们怎么这么快,
2024-12-29 14:18:07,@LSMM8,le0nest,text,就我没有105分的吗？,
2024-12-29 14:18:05,@LSMM8,BTC1357900,text,赚了就跑吗,
2024-12-29 14:18:03,@LSMM8,le0nest,text,你们怎么都105,
2024-12-29 14:18:00,@LSMM8,em90906,text,起飞就在强盛集团,
2024-12-29 14:17:58,@LSMM8,bnmm61,text,什么跑路了10u？？,
2024-12-29 14:17:57,@LSMM8,em90906,text,这日子，不化缘没法活。,
2024-12-29 14:17:56,@LSMM8,le0nest,text,不如打给我。我记得你们的好。,
2024-12-29 14:17:55,@LSMM8,loveu777666,text,积分,
2024-12-29 14:17:54,@LSMM8,loveu777666,text,一起赚钱然后加油做大做强,
2024-12-29 14:17:54,@LSMM8,em90906,text,我也没有多少分,
2024-12-29 14:17:50,@LSMM8,le0nest,text,也是有风险的。,
2024-12-29 14:17:47,@LSMM8,le0nest,text,反正你们在外面冲。,
2024-12-29 14:17:43,@LSMM8,BTC1357900,text,搞起来，搞起来,
2024-12-29 14:17:42,@LSMM8,loveu777666,text,节目很丰富的了,
2024-12-29 14:17:42,@LSMM8,bnmm61,text,我也没有多少分,
2024-12-29 14:17:41,@LSMM8,le0nest,text,一人10U。收了跑路。,
2024-12-29 14:17:37,@LSMM8,loveu777666,text,给力冲做大做强就好了啊,
2024-12-29 14:17:34,@LSMM8,le0nest,text,哈哈。直接开个皮球盘好了。,
2024-12-29 14:17:33,@LSMM8,loveu777666,text,一起加油赚钱模式优质,
2024-12-29 14:17:29,@LSMM8,bnmm61,text,积分,
2024-12-29 14:17:28,@LSMM8,duoduoduo8888,text,快过年了还没收回,
2024-12-29 14:17:28,@LSMM8,loveu777666,text,强盛集团金狗真的很多,
2024-12-29 14:17:27,@LSMM8,BluesLoo,text,最近不太好赚到啊！,
2024-12-29 14:17:23,@LSMM8,le0nest,text,得慢慢去麻了。,
2024-12-29 14:17:21,@LSMM8,le0nest,text,哪里收得到这么快。,
2024-12-29 14:17:20,@LSMM8,loveu777666,text,加油做大做强吧,
2024-12-29 14:17:20,@LSMM8,duoduoduo8888,text,怎么你要给我打u吗,
2024-12-29 14:17:15,@LSMM8,loveu777666,text,真的优质的了,
2024-12-29 14:17:14,@LSMM8,duoduoduo8888,text,钱收回来没有,
2024-12-29 14:17:13,@LSMM8,le0nest,text,我来化个缘怎么样。,
2024-12-29 14:17:11,@LSMM8,loveu777666,text,好好干就行了啊,
2024-12-29 14:17:09,@LSMM8,BTC1357900,text,你只是缠了,
2024-12-29 14:17:08,@LSMM8,le0nest,text,兄弟们，一人10U。,
2024-12-29 14:17:06,@LSMM8,duoduoduo8888,text,自己的想法了,
2024-12-29 14:17:05,@LSMM8,bnmm61,text,钱到,
2024-12-29 14:17:05,@LSMM8,loveu777666,text,强盛集团起飞不是梦,
2024-12-29 14:17:03,@LSMM8,duoduoduo8888,text,看一下自己的,
2024-12-29 14:17:03,@LSMM8,le0nest,text,这日子，不化缘没法活。,
2024-12-29 14:16:59,@LSMM8,loveu777666,text,一起冲做大做强吧,
2024-12-29 14:16:59,@LSMM8,duoduoduo8888,text,明天等哪一个啊,
2024-12-29 14:16:55,@LSMM8,le0nest,text,直接就找她化缘去了。,
2024-12-29 14:16:55,@LSMM8,loveu777666,text,模式特优质好好的把握机会,
2024-12-29 14:16:53,@LSMM8,duoduoduo8888,text,还可以的看看,
2024-12-29 14:16:51,@LSMM8,le0nest,text,明天等她上线了。,
2024-12-29 14:16:49,@LSMM8,duoduoduo8888,text,我的分还没到,
2024-12-29 14:16:48,@LSMM8,loveu777666,text,给力加油干起来就好了,
2024-12-29 14:16:48,@LSMM8,le0nest,text,我等大小姐给我空投。,
2024-12-29 14:16:45,@LSMM8,duoduoduo8888,text,你现在多少分,
2024-12-29 14:16:45,@LSMM8,loveu777666,text,好好加油一起加油冲,
2024-12-29 14:16:43,@LSMM8,le0nest,text,哪里来的鸡腿呀。,
2024-12-29 14:16:41,@LSMM8,duoduoduo8888,text,现在多少钱到现在,
2024-12-29 14:16:40,@LSMM8,BTC1357900,text,哈哈哈哈哈,
2024-12-29 14:16:39,@LSMM8,le0nest,text,过一年算一年的。,
2024-12-29 14:16:39,@LSMM8,loveu777666,text,真的挺好的啊加油了,
2024-12-29 14:16:37,@LSMM8,duoduoduo8888,text,一会再来活跃活跃活跃,
2024-12-29 14:16:36,@LSMM8,BTC1357900,text,泡面加鸡腿吗,
2024-12-29 14:16:36,@LSMM8,le0nest,text,只求不饿死就行了。,
2024-12-29 14:16:34,@LSMM8,duoduoduo8888,text,还没有吃饭,
2024-12-29 14:16:34,@LSMM8,loveu777666,text,大家一起加油就好了啊,
2024-12-29 14:16:31,@LSMM8,le0nest,text,不追求吃好的。,
2024-12-29 14:16:30,@LSMM8,loveu777666,text,冲金狗模式优质做大做强吧,
2024-12-29 14:16:29,@LSMM8,duoduoduo8888,text,牛市一起赚钱吧,
2024-12-29 14:16:28,@LSMM8,le0nest,text,随便吃点就行了。,
2024-12-29 14:16:24,@LSMM8,duoduoduo8888,text,你们怎么这么贵,
2024-12-29 14:16:23,@LSMM8,le0nest,text,晚上吃点就毛孔 。,
2024-12-29 14:16:20,@LSMM8,loveu777666,text,把牛市赚钱买别墅一起给力,
2024-12-29 14:16:20,@LSMM8,le0nest,text,我买了泡面回来。,
2024-12-29 14:16:18,@LSMM8,duoduoduo8888,text,一会再来 老周别走,
2024-12-29 14:16:16,@LSMM8,le0nest,text,你们都这么牛逼的吗。,
2024-12-29 14:16:12,@LSMM8,duoduoduo8888,text,我先去吃饭了,
2024-12-29 14:16:11,@LSMM8,BluesLoo,text,今天聊天都这么的猛安,
2024-12-29 14:16:11,@LSMM8,le0nest,text,我这完全没法了。,
2024-12-29 14:16:09,@LSMM8,loveu777666,text,优质项目方来强盛集团,
2024-12-29 14:16:07,@LSMM8,duoduoduo8888,text,我还差一点就够了,
2024-12-29 14:16:07,@LSMM8,le0nest,text,那还怎么玩呀。,
2024-12-29 14:16:03,@LSMM8,le0nest,text,你们怎么都这么牛。,
2024-12-29 14:15:57,@LSMM8,loveu777666,text,积分,
2024-12-29 14:15:56,@LSMM8,duoduoduo8888,text,看看我还不知道,
2024-12-29 14:15:56,@LSMM8,loveu777666,text,钱到,
2024-12-29 14:15:54,@LSMM8,le0nest,text,我以买的那个很久了/,
2024-12-29 14:15:53,@LSMM8,duoduoduo8888,text,活跃排名,
2024-12-29 14:15:52,@LSMM8,BluesLoo,text,买币子都是靠赌的啊！,
2024-12-29 14:15:51,@LSMM8,loveu777666,text,听给力了模式给力,
2024-12-29 14:15:50,@LSMM8,duoduoduo8888,text,挺好的 一起吃肉,
2024-12-29 14:15:49,@LSMM8,BTC1357900,text,就是vpn来的,
2024-12-29 14:15:48,@LSMM8,le0nest,text,哦，那估计不是的。,
2024-12-29 14:15:46,@LSMM8,duoduoduo8888,text,能赚一点钱体面的,
2024-12-29 14:15:43,@LSMM8,loveu777666,text,积分起来抽奖,
2024-12-29 14:15:43,@LSMM8,le0nest,text,带我一起一下哎。,
2024-12-29 14:15:42,@LSMM8,BluesLoo,text,另外一个就钻地了,
2024-12-29 14:15:40,@LSMM8,BTC1357900,text,置顶的那个牛牛啊,
2024-12-29 14:15:40,@LSMM8,duoduoduo8888,text,最近行情还算可以,
2024-12-29 14:15:39,@LSMM8,loveu777666,text,多宝鱼积分就好了,
2024-12-29 14:15:39,@LSMM8,le0nest,text,你们重启老盘的话,
2024-12-29 14:15:35,@LSMM8,duoduoduo8888,text,以前买的哪一个,
2024-12-29 14:15:35,@LSMM8,le0nest,text,不知道是不是。,
2024-12-29 14:15:34,@LSMM8,loveu777666,text,项目优质大家一起参与,
2024-12-29 14:15:31,@LSMM8,le0nest,text,而且好像归0了。,
2024-12-29 14:15:30,@LSMM8,loveu777666,text,好好的加油就好了啊,
2024-12-29 14:15:30,@LSMM8,duoduoduo8888,text,小虎 哪一个挺猛的,
2024-12-29 14:15:29,@LSMM8,BluesLoo,text,看起来挺不错的样子,
2024-12-29 14:15:28,@LSMM8,le0nest,text,以前买了好像没卖。,
2024-12-29 14:15:26,@LSMM8,loveu777666,text,是的太优质大,
2024-12-29 14:15:23,@LSMM8,le0nest,text,我看看我买了没,
2024-12-29 14:15:22,@LSMM8,duoduoduo8888,text,这涨的也挺猛的啊！,
2024-12-29 14:15:21,@LSMM8,loveu777666,text,很幼稚的意思加油赚钱就好了,
2024-12-29 14:15:18,@LSMM8,BTC1357900,text,确实优质啊,
2024-12-29 14:15:18,@LSMM8,le0nest,text,有谁发下合约。,
2024-12-29 14:15:16,@LSMM8,loveu777666,text,真的不错的好好的节目单,
2024-12-29 14:15:14,@LSMM8,le0nest,text,是不是搞的老盘子？,
2024-12-29 14:15:14,@LSMM8,duoduoduo8888,text,充下电 先去洗澡,
2024-12-29 14:15:11,@LSMM8,BluesLoo,text,这涨的也挺猛的啊！,
2024-12-29 14:15:09,@LSMM8,le0nest,text,前年的样子吧。,
2024-12-29 14:15:06,@LSMM8,le0nest,text,啥VPN？我记得以前买过一个。,
2024-12-29 14:15:05,@LSMM8,loveu777666,text,好好的加油做大做强,
2024-12-29 14:15:03,@LSMM8,BTC1357900,text,都搞了吗。,
2024-12-29 14:15:01,@LSMM8,duoduoduo8888,text,我也是手机没电,
2024-12-29 14:15:01,@LSMM8,loveu777666,text,社区项目优质项目,
2024-12-29 14:14:58,@LSMM8,duoduoduo8888,text,你今天干嘛去了,
2024-12-29 14:14:55,@LSMM8,loveu777666,text,真的优质给力冲,
2024-12-29 14:14:53,@LSMM8,le0nest,text,手机电都用完了,
2024-12-29 14:14:53,@LSMM8,duoduoduo8888,text,晚上了，可以出来干活了。,
2024-12-29 14:14:50,@LSMM8,loveu777666,text,一起赚钱起来就好了,
2024-12-29 14:14:50,@LSMM8,BTC1357900,text,那个vpn金狗吗,
2024-12-29 14:14:49,@LSMM8,le0nest,text,今天在路上的。,
2024-12-29 14:14:47,@LSMM8,loveu777666,text,默默赚钱买别墅搞起来,
2024-12-29 14:14:45,@LSMM8,le0nest,text,我手机没电了。,
2024-12-29 14:14:44,@LSMM8,loveu777666,text,一起加油赚钱就好了,
2024-12-29 14:14:42,@LSMM8,le0nest,text,晚上了，可以出来干活了。,
2024-12-29 14:14:40,@LSMM8,loveu777666,text,模式优质节目丰富,
2024-12-29 14:14:38,@LSMM8,duoduoduo8888,text,手机可以直接发言,
2024-12-29 14:14:37,@LSMM8,le0nest,text,你去洗干净吧。,
2024-12-29 14:14:35,@LSMM8,loveu777666,text,一起加油积分就好了,
2024-12-29 14:14:31,@LSMM8,loveu777666,text,今天聊的金狗的,
2024-12-29 14:14:29,@LSMM8,le0nest,text,我不走。陪你一起。,
2024-12-29 14:14:28,@LSMM8,duoduoduo8888,text,等我一下，我去洗澡,
2024-12-29 14:14:27,@LSMM8,BTC1357900,text,他们能在啊,
2024-12-29 14:14:24,@LSMM8,le0nest,text,我没带MIC。所以发不了言。,
2024-12-29 14:14:23,@LSMM8,duoduoduo8888,text,老周你别走吧,
2024-12-29 14:14:18,@LSMM8,le0nest,text,今天聊的什么内容。,
2024-12-29 14:14:17,@LSMM8,loveu777666,text,置顶很多的有只小狗,
2024-12-29 14:14:16,@LSMM8,duoduoduo8888,text,看看我的 我的马上够了,
2024-12-29 14:14:15,@LSMM8,le0nest,text,兄弟们，你们还在AMA吗？,
2024-12-29 14:14:12,@LSMM8,loveu777666,text,真的优质项目社区,
2024-12-29 14:14:07,@LSMM8,duoduoduo8888,text,积分,
2024-12-29 14:14:07,@LSMM8,loveu777666,text,你们太厉害了啊,
2024-12-29 14:14:06,@LSMM8,duoduoduo8888,text,钱到,
2024-12-29 14:14:05,@LSMM8,le0nest,text,哟哟，有15分了哎。,
2024-12-29 14:14:03,@LSMM8,duoduoduo8888,text,你现在多少分了,
2024-12-29 14:14:02,@LSMM8,BTC1357900,text,积分,
2024-12-29 14:14:00,@LSMM8,le0nest,text,积分,
2024-12-29 14:13:59,@LSMM8,loveu777666,text,怎么积分来的啊,
2024-12-29 14:13:57,@LSMM8,duoduoduo8888,text,你就没你们啥事了,
2024-12-29 14:13:56,@LSMM8,loveu777666,text,才65分呢你们分数多,
2024-12-29 14:13:56,@LSMM8,le0nest,text,我看看我钱到了没。,
2024-12-29 14:13:53,@LSMM8,le0nest,text,钱到,
2024-12-29 14:13:52,@LSMM8,duoduoduo8888,text,下午我还看到你加,
2024-12-29 14:13:52,@LSMM8,le0nest,text,这样不太好的哎。,
2024-12-29 14:13:51,@LSMM8,BTC1357900,text,水起来吧，哈哈,
2024-12-29 14:13:49,@LSMM8,loveu777666,text,签到,
2024-12-29 14:13:48,@LSMM8,le0nest,text,你就没你们啥事了,
2024-12-29 14:13:47,@LSMM8,loveu777666,text,积分,
2024-12-29 14:13:47,@LSMM8,duoduoduo8888,text,你今天干嘛去了,
2024-12-29 14:13:46,@LSMM8,le0nest,text,我要是开始了。,
2024-12-29 14:13:45,@LSMM8,loveu777666,text,好好加油做大做强吧,
2024-12-29 14:13:43,@LSMM8,duoduoduo8888,text,一起赚钱的机会,
2024-12-29 14:13:42,@LSMM8,le0nest,text,这不是什么大问题。,
2024-12-29 14:13:41,@LSMM8,loveu777666,text,模式特别给力啊,
2024-12-29 14:13:40,@LSMM8,duoduoduo8888,text,一个人水没啥一起,
2024-12-29 14:13:37,@LSMM8,loveu777666,text,很好的意思加油赚钱就好了,
2024-12-29 14:13:35,@LSMM8,duoduoduo8888,text,就是在等你 一起水,
2024-12-29 14:13:32,@LSMM8,loveu777666,text,机会来了就把我住,
2024-12-29 14:13:29,@LSMM8,duoduoduo8888,text,今天一天都没水满,
2024-12-29 14:13:28,@LSMM8,le0nest,text,啊。我给你们搞点水。,
2024-12-29 14:13:26,@LSMM8,loveu777666,text,都是给力的机会很多,
2024-12-29 14:13:22,@LSMM8,duoduoduo8888,text,肯定是很多退圈的,
2024-12-29 14:13:21,@LSMM8,loveu777666,text,都是厉害人来的,
2024-12-29 14:13:19,@LSMM8,duoduoduo8888,text,你不在，我都没水,
2024-12-29 14:13:16,@LSMM8,loveu777666,text,肯定是很多退圈的,
2024-12-29 14:13:12,@LSMM8,duoduoduo8888,text,我在等你一起水,
2024-12-29 14:13:11,@LSMM8,loveu777666,text,今年牛市赚麻了,
2024-12-29 14:13:09,@LSMM8,BTC1357900,text,搞就是了，哈哈,
2024-12-29 14:13:06,@LSMM8,duoduoduo8888,text,一起水积分了是啥,
2024-12-29 14:13:05,@LSMM8,le0nest,text,多多你这么晚还在。,
2024-12-29 14:13:04,@LSMM8,loveu777666,text,退圈了吧你,
2024-12-29 14:12:59,@LSMM8,loveu777666,text,是不是腿软了啊,
2024-12-29 14:12:58,@LSMM8,duoduoduo8888,text,水积分了 哈哈哈,
2024-12-29 14:12:57,@LSMM8,le0nest,text,哈哈。我在线的。,
2024-12-29 14:12:56,@LSMM8,BTC1357900,text,明天参与抽奖,
2024-12-29 14:12:54,@LSMM8,duoduoduo8888,text,你来了我就可以一起,
2024-12-29 14:12:52,@LSMM8,le0nest,text,我也加入一下你们。,
2024-12-29 14:12:51,@LSMM8,loveu777666,text,很久没有看到爆炸头了,
2024-12-29 14:12:50,@LSMM8,BTC1357900,text,搞积分活动,
2024-12-29 14:12:48,@LSMM8,duoduoduo8888,text,老周你终于来了,
2024-12-29 14:12:48,@LSMM8,le0nest,text,大哥们好。我来了。,
2024-12-29 14:12:43,@LSMM8,BTC1357900,text,加入就可以了,
2024-12-29 14:12:41,@LSMM8,loveu777666,text,爆炸头来了啊,
2024-12-29 14:12:39,@LSMM8,le0nest,text,我哪里搞错了吗？,
2024-12-29 14:12:39,@LSMM8,em90906,text,吸引他们。感召他们,
2024-12-29 14:12:38,@LSMM8,BTC1357900,text,可以啊,
2024-12-29 14:12:37,@LSMM8,loveu777666,text,今天开始每天100分啊,
2024-12-29 14:12:37,@LSMM8,le0nest,text,就我没有分了哎。,
2024-12-29 14:12:36,@LSMM8,sheng663,text,拉满了今天了哈哈哈,
2024-12-29 14:12:33,@LSMM8,le0nest,text,怎么你们都有。,
2024-12-29 14:12:31,@LSMM8,loveu777666,text,今天开始的把,
2024-12-29 14:12:25,@LSMM8,le0nest,text,我也来凑一下可以吗？,
2024-12-29 14:12:24,@LSMM8,sheng663,text,积分,
2024-12-29 14:12:22,@LSMM8,loveu777666,text,一起加油赚钱就好了啊,
2024-12-29 14:12:22,@LSMM8,le0nest,text,这个是从什么时候算？,
2024-12-29 14:12:18,@LSMM8,loveu777666,text,模式很有优质的了,
2024-12-29 14:12:10,@LSMM8,loveu777666,text,把握住机会一起赚钱,
2024-12-29 14:12:03,@LSMM8,BTC1357900,text,拉满起来吧,
2024-12-29 14:12:01,@LSMM8,loveu777666,text,所以又是新的开始特,
2024-12-29 14:11:56,@LSMM8,loveu777666,text,积分归零了重新开始拉,
2024-12-29 14:11:50,@LSMM8,loveu777666,text,礼物积分就好了啊,
2024-12-29 14:11:45,@LSMM8,loveu777666,text,积分没有多少家礼物吧,
2024-12-29 14:11:44,@LSMM8,BTC1357900,text,怎么那么少的,
2024-12-29 14:11:39,@LSMM8,loveu777666,text,多多聊天天参与一下,
2024-12-29 14:11:38,@LSMM8,BTC1357900,text,我靠，积分没多少啊,
2024-12-29 14:11:29,@LSMM8,em90906,text,行情好就多撸一年,
2024-12-29 14:11:26,@LSMM8,loveu777666,text,很久没有积分了啊,
2024-12-29 14:11:25,@LSMM8,BTC1357900,text,积分,
2024-12-29 14:11:22,@LSMM8,loveu777666,text,是的需要积分一下吧,
2024-12-29 14:11:16,@LSMM8,em90906,text,这个挺嗨的呀,
2024-12-29 14:11:16,@LSMM8,loveu777666,text,一起加油别踏空行情喔,
2024-12-29 14:11:11,@LSMM8,em90906,text,我也想水一下积分,
2024-12-29 14:11:05,@LSMM8,em90906,text,你也是来水积分的吧,
2024-12-29 14:11:03,@LSMM8,loveu777666,text,行情真的很好啊,
2024-12-29 14:11:00,@LSMM8,loveu777666,text,感觉挺不错的,
2024-12-29 14:10:56,@LSMM8,em90906,text,没有参与ama也参与一下抽奖,
2024-12-29 14:10:49,@LSMM8,loveu777666,text,好好把握住吧别踏空了,
2024-12-29 14:10:42,@LSMM8,loveu777666,text,社区金狗很多的,
2024-12-29 14:10:31,@LSMM8,loveu777666,text,感觉牛逼的加油了,
2024-12-29 14:10:25,@LSMM8,loveu777666,text,不是奶茶是什么,
2024-12-29 14:10:18,@LSMM8,loveu777666,text,赚钱才舒服啊,
2024-12-29 14:10:16,@LSMM8,zcbf131419,photo,,话术\media_files\LSMM8\20241229_235345_zcbf131419.jpg
2024-12-29 14:10:11,@LSMM8,em90906,text,应该不是奶茶吧,
2024-12-29 14:10:10,@LSMM8,loveu777666,text,都赚钱起飞模式的,
2024-12-29 14:10:06,@LSMM8,loveu777666,text,还是什么啊厉害了,
2024-12-29 14:10:04,@LSMM8,em90906,text,兄弟们都赚钱,
2024-12-29 14:10:02,@LSMM8,loveu777666,text,蜜雪冰城是奶茶吗,
2024-12-29 14:10:02,@LSMM8,em90906,text,这个是什么呢,
2024-12-29 14:09:58,@LSMM8,em90906,text,今天有没有很厉害的节目,
2024-12-29 14:09:56,@LSMM8,loveu777666,text,喔喔喔这个是啥啊,
2024-12-29 14:09:52,@LSMM8,em90906,text,社区的节目很东都的,
2024-12-29 14:09:48,@LSMM8,em90906,text,哈哈哈哈没看到啊,
2024-12-29 14:09:43,@LSMM8,em90906,text,秒射赚蜜雪冰城吧,
2024-12-29 14:09:36,@LSMM8,loveu777666,text,丰富的，冲多久赚,
2024-12-29 14:09:27,@LSMM8,loveu777666,text,社区的节目很东都的,
2024-12-29 14:09:22,@LSMM8,loveu777666,text,好好加油赚钱模式很好,
2024-12-29 14:09:17,@LSMM8,loveu777666,text,今晚是不是都有很厉害的项目,
2024-12-29 14:08:55,@LSMM8,loveu777666,text,10亿总量，买卖2%税收，其中1%用于营销，另外1%分别进入双池回流，设计很科学,
2024-12-29 14:08:49,@LSMM8,loveu777666,text,确实，而且花花即将上春晚，加上社区活动预热，这个时间点进来正好 👍,
2024-12-29 14:08:37,@LSMM8,loveu777666,text,从技术面看，现在的价格区间很健康，双池回流机制在发挥作用,
2024-12-29 14:08:34,@LSMM8,loveu777666,text,营销资金的使用很透明，我很看好团队的运营能力。现在是个不错的入场时机,
2024-12-29 14:08:30,@LSMM8,loveu777666,text,对了，我看项目有1%营销资金，这些会用在春晚宣传上吗？,
2024-12-29 14:08:25,@LSMM8,loveu777666,text,加上双池回流机制的保护，项目基本面很稳健。,
2024-12-29 14:08:22,@LSMM8,,text,晚可是有十几亿观众呢！感觉这次huahua要火,
2024-12-29 14:08:19,@LSMM8,loveu777666,text,花花的曝光度对项目非常有利。而且项目的经济模型设计得很合理，能持续创造价值,
2024-12-29 14:08:18,@LSMM8,duoduoduo8888,text,建议你先关注我们的官方频道，社区每天都有最新动态。,
2024-12-29 14:08:15,@LSMM8,loveu777666,text,我也是！请问除了官方渠道，还有什么途径可以了解更多项目信息吗？,
2024-12-29 14:08:10,@LSMM8,duoduoduo8888,text,社区氛围真好！我是冲着花花的暖心故事来的，看到大家这么用心我更坚定了,
2024-12-29 14:08:08,@LSMM8,loveu777666,text,太棒了！我已经准备好了一组花花的表情包，到时候和大家一起互动 ,
2024-12-29 14:08:04,@LSMM8,duoduoduo8888,text,各位，明天我们有个重磅活动要宣布！今天社区新增活跃用户已经500+了，感谢大家支持 🎉,
2024-12-29 14:08:04,@LSMM8,loveu777666,text,确实，从技术面看，这种机制设计能降低价格波动。你觉得现在是好的入场时机吗,
2024-12-29 14:08:02,@LSMM8,H688888,sticker,,话术\media_files\LSMM8\20241229_235346_H688888.tgs
2024-12-29 14:07:59,@LSMM8,duoduoduo8888,text,我研究过合约，除了营销资金，双池回流机制特别亮眼，能持续为代币提供支撑,
2024-12-29 14:07:54,@LSMM8,duoduoduo8888,text,看好这个项目的未来，10亿的总量设置也很合理。 你知道营销资金具体怎么使用吗？,
2024-12-29 14:07:53,@LSMM8,loveu777666,text,说得对！而且2%的交易税设置也很合理，1%用于营销能确保项目持续发展,
2024-12-29 14:07:50,@LSMM8,duoduoduo8888,text,是的！花花的暖心形象正是项目的核心价值。说到分享，项目的双池回流机制（0.5%+0.5%）也体现了这种共享理念,
2024-12-29 14:07:48,@LSMM8,loveu777666,text,今日社区数据：新增活跃用户500+，互动率较昨日提升15%，感谢大家的支持！明天有重磅活动要宣布哦～,
2024-12-29 14:07:42,@LSMM8,loveu777666,text,从目前走势看，项目基本面稳健，回流机制正常运行，建议大家关注重要支撑位宝宝,
2024-12-29 14:07:40,@LSMM8,duoduoduo8888,text,请问大家都是因为什么入场的呀？我是被花花暖暖的性格吸引的，感觉社区氛围也超好,
2024-12-29 14:07:36,@LSMM8,loveu777666,text,总供应量10亿，通缩机制明确，团队定位清晰，这个项目值得长期关注,
2024-12-29 14:07:34,@LSMM8,duoduoduo8888,text,看了下合约，交易机制设计得挺合理的，2%的买卖税其中1%用于营销，这对项目长期发展很有利,
2024-12-29 14:07:36,@LSMM8,loveu777666,text,从数据看，huahua的双池回流机制设计很巧妙，0.5%+0.5%的双池回流能持续为代币提供支撑。,
2024-12-29 14:07:34,@LSMM8,duoduoduo8888,text,大家好呀！刚刚看完花花的视频，真的太暖心了，它把食物分给弟弟的样子让我感动得不行 🥺,

